繁體,简体,拼音
街,街,gae1
的,的,dieh7
的,的,dii0
一,一,ieh7
是,是,shr6
在,在,cae6
不,不,beh7
了,了,lio3
有,有,iu3
和,和,hu2
和,和,hu6
和,和,hv2
人,人,ren2
這,这,zha5
中,中,zhon1
中,中,zhon5
大,大,da6
大,大,tae6
大,大,tu6
大,大,da5
大,大,tae3
為,为,vei2
為,为,vei6
上,上,shan6
個,个,gu5
國,国,goh7
我,我,ngu3
以,以,i3
要,要,io1
要,要,io5
地,地,ti6
如,如,rv2
愛,爱,ngae5
靜,静,qien6
寂,寂,qieh8
他,他,ta1
時,时,shr2
來,来,lae2
用,用,ion6
生,生,shen1
作,作,zah7
結,结,jih7
就,就,qiu6
分,分,fen1
分,分,fen6
於,於,y2
於,于,vv1
對,对,duei5
對,对,dy5
成,成,chen2
會,会,huei6
會,会,kuae5
可,可,ku3
可,可,keh7
主,主,zhv3
發,发,faeh7
年,年,nin2
動,动,ton6
同,同,ton2
工,工,gon1
也,也,ia3
也,也,a3
能,能,nen2
下,下,ha6
下,下,xia6
過,过,gu1
過,过,gu5
子,子,zz3
說,说,shuh7
說,说,shuei5
產,产,chaen3
種,种,zhon3
種,种,zhon5
行,行,xien2
行,行,han2
行,行,xien6
而,而,er2
方,方,fan1
面,面,min6
後,后,heu6
多,多,du1
定,定,tien6
學,学,xiah8
學,学,hah8
法,法,faeh7
所,所,su3
民,民,mien2
得,得,deh7
經,经,jien1
十,十,sheh8
三,三,saen1
之,之,zhr1
進,进,jien5
等,等,den3
部,部,pv6
度,度,tv6
度,度,tah8
家,家,jia1
家,家,ga1
電,电,tin6
電,电,din5
力,力,lieh8
出,出,chueh7
解,解,gae3
解,解,jiae3
解,解,gae5
解,解,jiae5
解,解,hae6
問,问,ven6
意,意,i5
建,建,jin5
月,月,iuh8
公,公,gon1
無,无,vv2
無,无,mu2
軍,军,jyen1
很,很,hen3
情,情,qien2
者,者,zhae3
者,者,zha3
最,最,zuei5
最,最,jy5
立,立,lieh8
代,代,tae6
想,想,xian3
已,已,i3
通,通,ton1
提,提,ti2
直,直,cheh8
題,题,ti2
黨,党,dan3
程,程,chen2
展,展,zin3
五,五,vv3
果,果,gu3
料,料,lio6
象,象,qian6
員,员,iun2
員,员,yen2
員,员,yen6
革,革,geh7
位,位,vei6
入,入,reh8
常,常,chan2
常,常,shan2
文,文,ven2
文,文,ven6
總,总,zon3
次,次,cz5
品,品,pien3
式,式,sheh7
活,活,huh8
活,活,uh8
活,活,guh7
設,设,sih7
及,及,qieh8
管,管,gun3
特,特,teh8
特,特,ti6
件,件,qin6
求,求,qiu2
老,老,lo3
頭,头,teu2
基,基,ji1
資,资,zz1
邊,边,bin1
流,流,leu2
路,路,lv6
級,级,jieh7
少,少,sho3
少,少,sho5
圖,图,tv2
山,山,shaen1
統,统,ton3
接,接,jih7
知,知,zhr1
較,较,jio5
較,较,go5
將,将,jian1
將,将,jian5
將,将,qian1
組,组,zv3
見,见,jin5
見,见,xin6
計,计,ji5
別,别,pih8
別,别,bih7
她,她,ta1
手,手,sheu3
角,角,gah7
期,期,qi1
期,期,ji1
期,期,qi2
根,根,gen1
論,论,len6
論,论,len2
運,运,yen6
農,农,non2
指,指,zhr3
指,指,zheh7
幾,几,ji1
幾,几,ji3
九,九,jiu3
區,区,qy1
區,区,ngeu1
強,强,qian2
強,强,qian6
放,放,fan5
放,放,fan3
決,决,jiuh7
決,决,xiuh7
西,西,xi1
被,被,pi6
被,被,pei6
做,做,zu5
必,必,bieh7
戰,战,zin5
先,先,xin1
則,则,zeh7
任,任,ren6
任,任,ren2
取,取,qy3
據,据,jy5
回,回,huei2
回,回,kuei2
給,给,jieh7
給,给,gei5
調,调,tio2
調,调,dio5
調,调,tio6
處,处,chv3
處,处,chv5
隊,队,duei5
隊,队,dy5
隊,队,tuei6
南,南,nun2
南,南,na1
色,色,seh7
光,光,guan1
門,门,men2
即,即,jieh7
保,保,bo3
治,治,chr6
北,北,boh7
造,造,co6
造,造,co5
百,百,boh7
規,规,guei1
熱,热,rih8
領,领,lien3
七,七,qieh7
海,海,hae3
口,口,keu3
東,东,don1
導,导,to6
器,器,qi5
壓,压,ngaeh7
世,世,shr5
金,金,jien1
增,增,zen1
爭,争,zhen1
濟,济,ji3
濟,济,ji5
階,阶,gae1
階,阶,jiae1
油,油,iu2
思,思,sz1
思,思,sz5
術,术,shueh8
極,极,qieh8
交,交,jio1
交,交,go1
受,受,sheu6
幹,干,gun5
幹,干,gaen5
聯,联,lin2
認,认,ren6
六,六,loh8
共,共,kon6
權,权,qiun2
收,收,sheu1
證,证,zhen5
改,改,gae3
清,清,qien1
志,志,zhr5
己,己,ji3
美,美,mei3
美,美,mi3
再,再,zae5
轉,转,zhun3
轉,转,zhun5
更,更,gen1
更,更,gen5
單,单,daen1
單,单,cin2
單,单,sin6
風,风,fon1
切,切,qih7
切,切,qi5
打,打,da3
白,白,poh8
教,教,jio5
教,教,go1
速,速,soh7
花,花,hua1
帶,带,dae5
安,安,un1
場,场,chan2
身,身,shen1
身,身,jyen1
車,车,cha1
車,车,jy1
例,例,li6
真,真,zhen1
務,务,vv6
具,具,qy6
萬,万,vaen6
每,每,mei3
目,目,moh8
至,至,zhr5
達,达,taeh8
達,达,taeh7
走,走,zeu3
積,积,jieh7
積,积,zz5
示,示,shr6
示,示,chr6
議,议,i6
聲,声,shen1
報,报,bo5
鬥,斗,deu5
完,完,un2
類,类,luei6
類,类,ly6
八,八,baeh7
離,离,li2
離,离,li6
華,华,hua2
華,华,hua6
名,名,mien2
確,确,qiah7
確,确,kah7
科,科,ku1
傳,传,chun2
傳,传,chun6
傳,传,zhun5
張,张,zhan1
才,才,cae2
信,信,xien5
馬,马,ma3
節,节,jih7
話,话,hua6
米,米,mi3
採,采,cae3
整,整,zhen3
空,空,kon1
空,空,kon5
元,元,iun2
況,况,kuan5
今,今,jien1
今,今,gen1
集,集,qieh8
溫,温,ven1
土,土,tv3
許,许,xy3
步,步,pv6
群,群,qyen2
石,石,sheh8
石,石,daen5
廣,广,guan3
且,且,qia3
且,且,jy1
記,记,ji5
需,需,xy1
段,段,tun6
研,研,in2
研,研,nin2
界,界,gae5
界,界,jiae5
界,界,ga5
拉,拉,la1
林,林,lien2
律,律,lieh8
叫,叫,jio5
究,究,jiu5
衲,衲,nuh8
觀,观,gun1
觀,观,gun5
越,越,iuh8
織,织,zheh7
裝,装,zhuan1
影,影,ien3
算,算,sun5
低,低,di1
持,持,chr2
音,音,ien1
衆,众,zhon5
眾,众,zhon1
系,系,xi6
書,书,shv1
容,容,ion2
兒,儿,er2
兒,儿,ni2
際,际,ji5
商,商,shan1
非,非,fei1
驗,验,in6
連,连,lin2
斷,断,tun6
斷,断,dun5
斷,断,dun3
率,率,lieh8
率,率,shueh7
率,率,shuae5
深,深,shen1
難,难,naen2
難,难,naen6
近,近,qien6
須,须,xy1
礦,矿,kuan5
千,千,qin1
省,省,shen3
省,省,xien3
委,委,vei3
委,委,vei1
素,素,sv5
技,技,qi6
備,备,pei6
半,半,bun5
辦,办,paen6
辦,办,baen5
青,青,qien1
列,列,lih8
習,习,qieh8
習,习,xieh8
便,便,pin6
便,便,pin2
便,便,pi2
便,便,pei2
響,响,xian3
約,约,iah7
支,支,zhr1
般,般,baen1
般,般,pun2
般,般,bu1
史,史,shr3
史,史,xi3
史,史,li6
感,感,gun3
勞,劳,lo2
勞,劳,lo6
團,团,tun2
往,往,van3
酸,酸,sun1
稱,称,chen1
稱,称,chen5
市,市,shr6
克,克,keh7
何,何,hu2
除,除,chv2
消,消,xio1
構,构,geu5
府,府,fv3
甚,甚,shen6
太,太,tae5
精,精,jien1
歷,历,lieh8
值,值,cheh8
係,系,xi6
周,周,zheu1
什,什,sheh8
號,号,ho2
號,号,ho6
族,族,coh8
維,维,vei2
劃,划,hua6
劃,划,va6
選,选,xiun3
標,标,bio1
寫,写,xia3
寫,写,xia5
存,存,cuen2
候,候,heu6
親,亲,qien1
親,亲,qien5
毛,毛,mo2
快,快,kuae5
查,查,cha2
查,查,zha1
效,效,xio6
斯,斯,sz1
院,院,iun6
江,江,gan1
江,江,jian1
型,型,xien2
眼,眼,ngaen3
王,王,van2
王,王,van6
按,按,un1
格,格,geh7
養,养,ian3
易,易,i6
易,易,ieh8
置,置,zhr5
派,派,pae5
層,层,cen2
片,片,pin5
始,始,shr3
卻,却,qiah7
專,专,zhun1
狀,状,chuan6
育,育,ioh8
廠,厂,chan3
京,京,jien1
識,识,sheh7
識,识,zhr5
適,适,sheh7
參,参,caen1
參,参,shen1
參,参,chen1
參,参,saen1
參,参,cun1
屬,属,shoh8
屬,属,zhoh7
圓,圆,iun2
包,包,bo1
火,火,hu3
住,住,chv6
滿,满,mun3
縣,县,xin6
局,局,qioh8
照,照,zho5
準,准,zhuen3
準,准,zhuh7
紅,红,hon2
紅,红,gon1
輕,轻,qien1
引,引,ien3
細,细,xi5
聽,听,tien5
該,该,gae1
鐵,铁,tih7
價,价,jia5
嚴,严,in2
嚴,严,nin2
底,底,di3
首,首,sheu3
液,液,ieh8
官,官,gun1
德,德,deh7
隨,随,cuei2
隨,随,qy2
病,病,pien6
失,失,sheh7
失,失,shr2
爾,尔,er3
死,死,sz3
講,讲,jian3
講,讲,gan3
呢,呢,ni2
蘇,苏,sv1
配,配,pei5
配,配,pi5
女,女,ny3
女,女,ny6
黃,黄,huan2
黃,黄,van2
黃,黄,huan1
推,推,tuei1
推,推,ty1
顯,显,xin3
談,谈,taen2
罪,罪,cuei6
罪,罪,qy6
神,神,shen2
藝,艺,i6
席,席,qieh8
含,含,hun2
企,企,qi3
望,望,van6
密,密,mieh8
批,批,pi1
營,营,ien2
項,项,han6
項,项,xian6
項,项,kan6
防,防,fan2
舉,举,jy3
球,球,qiu2
英,英,ien1
氧,氧,ian3
勢,势,shr5
告,告,go5
告,告,goh7
李,李,li3
落,落,lah8
布,布,bv5
木,木,moh8
幫,帮,ban1
輪,轮,len2
破,破,pu5
亞,亚,ia5
亞,亚,nga5
朝,朝,cho2
朝,朝,zho1
師,师,shr1
圍,围,vei2
圍,围,y2
遠,远,iun3
遠,远,iun6
字,字,cz6
材,材,cae2
注,注,zhv5
排,排,pae2
供,供,gon5
河,河,hu2
態,态,tae5
封,封,fon1
另,另,lien6
復,复,foh7
復,复,fv6
施,施,shr1
施,施,chr1
減,减,jiaen3
減,减,gaen3
樹,树,shv6
溶,溶,ion2
怎,怎,zen3
止,止,zhr3
案,案,un5
台,台,tae1
台,台,i2
言,言,in2
士,士,shr6
士,士,chr6
均,均,jyen1
武,武,vv3
固,固,gv5
葉,叶,ih8
葉,叶,sih7
魚,鱼,y2
波,波,bu1
視,视,shr6
僅,仅,jien3
差,差,cha1
差,差,chae1
差,差,chr1
費,费,fei5
費,费,bi5
降,降,jian5
降,降,gan5
擓,㧟,kuae1
降,降,xian2
緊,紧,jien3
左,左,zu3
章,章,zhan1
早,早,zo3
害,害,hae6
續,续,soh7
服,服,foh8
食,食,sheh8
食,食,i6
試,试,shr5
充,充,chon1
兵,兵,bien1
源,源,iun2
判,判,pun5
似,似,sz6
司,司,sz1
護,护,hv6
護,护,vv6
足,足,zoh7
足,足,jy5
某,某,meu3
某,某,mu3
練,练,lin6
略,略,liah8
田,田,tin2
黑,黑,heh7
犯,犯,faen6
負,负,fv6
擊,击,jieh7
繼,继,ji5
興,兴,xien1
興,兴,xien5
堅,坚,jin1
輸,输,shv1
曲,曲,qioh7
修,修,xiu1
故,故,gv5
城,城,chen2
覺,觉,jiah7
覺,觉,gah7
覺,觉,go5
夫,夫,fv1
夫,夫,fv2
夠,够,geu5
送,送,son5
笑,笑,xio5
船,船,chun2
右,右,iu6
財,财,cae2
喫,吃,qieh7
吃,吃,jieh7
富,富,fv5
春,春,chuen1
職,职,zheh7
漢,汉,hun5
畫,画,hua6
畫,画,va6
功,功,gon1
巴,巴,ba1
裡,里,li3
跟,跟,gen1
雖,虽,suei1
雖,虽,xy1
雜,杂,zaeh7
雜,杂,caeh8
板,板,baen3
飛,飞,fei1
佔,占,zin5
曾,曾,cen2
曾,曾,zen1
樂,乐,lah8
樂,乐,iah8
樂,乐,io6
致,致,zhr5
檢,检,jin3
吸,吸,xieh7
里,里,li3
助,助,chv6
陽,阳,ian2
互,互,hv6
初,初,chv1
創,创,chuan5
創,创,chuan1
抗,抗,kan5
考,考,ko3
投,投,teu2
壞,坏,huae6
策,策,ceh7
古,古,gv3
徑,径,jien5
換,换,hun6
換,换,un6
未,未,vei6
跑,跑,po2
留,留,leu2
鋼,钢,gan1
端,端,dun1
責,责,zeh7
站,站,zhaen5
簡,简,jiaen3
簡,简,gaen3
升,升,shen1
述,述,shueh8
錢,钱,qin2
錢,钱,jin3
副,副,fv5
副,副,pieh7
盡,尽,qien6
帝,帝,di5
射,射,sha6
射,射,ia6
草,草,co3
範,范,faen6
承,承,chen2
獨,独,toh8
令,令,lien6
令,令,lien2
限,限,haen6
限,限,xiaen6
阿,阿,u1
阿,阿,ah7
宣,宣,xiun1
環,环,kuaen2
雙,双,shuan1
請,请,qien3
超,超,cho1
微,微,vei2
讓,让,ran6
控,控,kon5
州,州,zheu1
良,良,lian2
軸,轴,choh8
找,找,zho3
否,否,feu3
否,否,pi3
紀,纪,ji5
紀,纪,ji3
益,益,ieh7
依,依,i1
優,优,iu1
頂,顶,dien3
礎,础,chv3
載,载,zae3
載,载,zae5
倒,倒,do3
倒,倒,do5
房,房,fan2
房,房,pan2
突,突,teh8
坐,坐,cu6
粉,粉,fen3
敵,敌,tieh8
客,客,keh7
袁,袁,iun2
冷,冷,len3
勝,胜,shen5
勝,胜,shen1
絕,绝,qiuh8
析,析,xieh7
塊,块,kuae5
劑,剂,qi6
測,测,ceh7
絲,丝,sz1
協,协,xih8
訴,诉,sv5
陳,陈,chen2
仍,仍,ren2
羅,罗,lu2
餘,余,y2
鹽,盐,in2
友,友,iu3
洋,洋,ian2
錯,错,cu5
錯,错,cah7
苦,苦,kv3
夜,夜,ia6
刑,刑,xien2
移,移,i2
模,模,mu2
頻,频,pien2
念,念,nin6
逐,逐,choh8
靠,靠,ko5
混,混,huen6
母,母,mu3
短,短,dun3
皮,皮,pi2
終,终,zhon1
聚,聚,qy6
汽,汽,qi5
村,村,cuen1
哪,哪,la3
哪,哪,na3
哪,哪,nu2
既,既,ji5
衛,卫,vei6
距,距,qy6
校,校,xio6
校,校,jio5
校,校,ho6
校,校,go5
停,停,tien2
烈,烈,lih8
央,央,ian1
察,察,chaeh7
燒,烧,sho1
迅,迅,xyen5
境,境,jien5
若,若,rah8
若,若,ra3
印,印,ien5
洲,洲,zheu1
刻,刻,keh7
刻,刻,keh8
括,括,guaeh7
括,括,guh7
激,激,jieh7
孔,孔,kon3
搞,搞,go3
室,室,sheh7
待,待,tae6
核,核,heh8
散,散,saen3
散,散,saen5
侵,侵,qien1
侵,侵,jien1
吧,吧,ba1
吧,吧,ba0
甲,甲,jiaeh7
甲,甲,gaeh7
甲,甲,kaeh7
久,久,jiu3
菜,菜,cae5
味,味,vei6
舊,旧,qiu6
湖,湖,hv2
湖,湖,vv2
貨,货,hu5
彈,弹,taen2
彈,弹,taen6
損,损,suen3
預,预,y6
阻,阻,zv3
毫,毫,ho2
乙,乙,ieh7
普,普,pv3
穩,稳,ven3
媽,妈,ma1
植,植,cheh8
息,息,xieh7
擴,扩,kuah7
銀,银,ien2
語,语,y3
語,语,y6
揮,挥,huei1
酒,酒,jiu3
雲,云,yen2
守,守,sheu3
拿,拿,na2
序,序,qy6
紙,纸,zhr3
醫,医,i1
熟,熟,shoh8
缺,缺,qiuh7
雨,雨,y3
雨,雨,y6
嗎,吗,ma3
針,针,zhen1
劉,刘,leu2
啊,啊,a0
急,急,jieh7
唱,唱,chan5
訓,训,xyen5
誤,误,vv6
願,愿,iun6
審,审,shen3
血,血,xiuh7
附,附,fv6
附,附,pv3
茶,茶,cha2
鮮,鲜,xin1
鮮,鲜,xin3
糧,粮,lian2
斤,斤,jien1
孩,孩,hae2
脫,脱,tuh7
硫,硫,leu2
善,善,sin6
肥,肥,fei2
演,演,in3
龍,龙,lon2
父,父,fv6
父,父,fv3
漸,渐,qin6
漸,渐,jin1
歡,欢,hun1
歡,欢,hu1
掌,掌,zhan3
械,械,jiae5
械,械,gae5
械,械,xiae6
歌,歌,gu1
沙,沙,sha1
獲,获,hoh8
著,著,zhv5
著,着,zhah7
著,着,chah8
剛,刚,gan1
製,制,zhr5
攻,攻,gon1
謂,谓,vei6
盾,盾,ten6
討,讨,to3
晚,晚,vaen3
佈,布,bv5
粒,粒,lieh8
亂,乱,lun6
燃,燃,rin2
矛,矛,mo2
乎,乎,hv1
乎,乎,hv2
殺,杀,shaeh7
殺,杀,shae5
複,复,foh7
藥,药,iah8
寧,宁,nien2
寧,宁,nen2
魯,鲁,lv3
貴,贵,guei5
煤,煤,mei2
煤,煤,mi2
伯,伯,boh7
讀,读,toh8
讀,读,teu6
班,班,baen1
句,句,jy5
句,句,qy6
句,句,geu1
香,香,xian1
迫,迫,poh7
介,介,gae5
介,介,jiae5
介,介,ga5
豐,丰,fon1
培,培,pei2
培,培,peu6
握,握,vah7
蘭,兰,laen2
弦,弦,xin2
擔,担,daen1
擔,担,daen5
蛋,蛋,taen6
沉,沉,chen2
假,假,jia3
執,执,zheh7
穿,穿,chun1
答,答,daeh7
誰,谁,shuei2
順,顺,shuen6
煙,烟,in1
縮,缩,shoh7
臉,脸,lin3
喜,喜,xi3
腳,脚,jiah7
異,异,i6
免,免,min3
困,困,kuen5
背,背,bei5
背,背,pei6
背,背,pi6
星,星,xien1
福,福,foh7
買,买,mae3
染,染,rin3
井,井,jien3
概,概,gae5
慢,慢,maen6
怕,怕,pa5
游,游,iu2
磁,磁,cz2
倍,倍,bei5
倍,倍,pei6
祖,祖,zv3
皇,皇,huan2
薄,薄,pah8
促,促,coh7
補,补,bv3
評,评,pien3
鐘,钟,zhon1
翻,翻,faen1
肉,肉,roh8
踐,践,qin6
尼,尼,ni2
衣,衣,i1
衣,衣,i5
寬,宽,kun1
揚,扬,ian2
棉,棉,min2
棉,棉,mi2
希,希,xi1
傷,伤,shan1
操,操,co1
藏,藏,can2
藏,藏,can6
垂,垂,shuei2
宜,宜,i2
秋,秋,qiu1
氫,氢,qien1
露,露,lv6
套,套,to5
督,督,doh7
筆,笔,bieh7
振,振,zhen5
振,振,zhen1
亮,亮,lian6
憲,宪,xin5
末,末,muh8
架,架,jia5
架,架,ga5
慶,庆,qien5
綠,绿,loh8
編,编,bin1
編,编,pin1
牛,牛,ngeu2
牛,牛,niu2
映,映,ien5
觸,触,choh7
銷,销,xio1
雷,雷,luei2
雷,雷,ly2
座,座,cu6
詩,诗,shr1
居,居,jy1
厾,厾,doh7
抓,抓,zhua1
裂,裂,lih8
胞,胞,bo1
呼,呼,hv1
娘,娘,nian2
景,景,jien3
盟,盟,mien2
盟,盟,mon2
威,威,vei1
晶,晶,jien1
厚,厚,heu6
衡,衡,hen2
孫,孙,suen1
延,延,in2
雞,鸡,ji1
危,危,vei2
膠,胶,jio1
膠,胶,go1
屋,屋,oh7
鄉,乡,xian1
沖,冲,chon1
臨,临,lien2
坂,坂,baen3
陸,陆,loh8
顧,顾,gv5
掉,掉,tio6
呀,呀,ia1
呀,呀,ha1
奇,奇,qi2
奇,奇,ji1
燈,灯,den1
歲,岁,suei5
歲,岁,xy5
措,措,cv5
束,束,shoh7
耐,耐,nae6
劇,剧,qieh8
劇,剧,qiah7
玉,玉,ioh8
玉,玉,y6
趙,赵,cho6
跳,跳,tio5
哥,哥,gu1
季,季,ji5
課,课,ku5
凱,凯,kae3
額,额,ngeh8
齊,齐,qi2
齊,齐,qi6
搲,搲,va3
款,款,kun3
紹,绍,sho6
紹,绍,sho2
偉,伟,vei3
蒸,蒸,zhen1
永,永,yen3
殖,殖,cheh8
宗,宗,zon1
苗,苗,mio2
川,川,chun1
爐,炉,lv2
弱,弱,rah8
楊,杨,ian2
零,零,lien2
奏,奏,zeu5
沿,沿,in2
岩,岩,ngaen2
探,探,tun5
滑,滑,huaeh8
鎮,镇,zhen5
鎮,镇,zhen1
飯,饭,faen6
濃,浓,non2
航,航,han2
懷,怀,huae2
懷,怀,vae2
趕,赶,gun3
庫,库,kv5
奪,夺,tuh8
伊,伊,i1
稅,税,shuei5
靈,灵,lien2
途,途,tv2
滅,灭,mih8
賽,赛,sae5
召,召,cho6
召,召,sho6
歸,归,guei1
鼓,鼓,gv3
播,播,bu1
盤,盘,pun2
裁,裁,cae2
險,险,xin3
康,康,kan1
唯,唯,vei2
唯,唯,vei3
錄,录,loh8
菌,菌,jyen1
菌,菌,qyen6
純,纯,shuen2
㧕,㧕,leu3
蓋,盖,gae5
蓋,盖,guh7
橫,横,on2
橫,横,hon2
橫,横,on6
橫,横,hon6
繫,系,xi6
繫,系,ji5
私,私,sz1
符,符,fv2
努,努,nv3
堂,堂,tan2
域,域,yeh8
糖,糖,tan2
槍,枪,qian1
𣝗,核,veh8
潤,润,ruen6
幅,幅,foh7
哈,哈,ha1
竟,竟,jien5
澤,泽,cheh8
腦,脑,no3
壤,壤,ran3
碳,碳,taen5
歐,欧,ngeu1
側,侧,ceh7
側,侧,zheh7
遍,遍,pin5
遍,遍,bin5
寨,寨,chae6
寨,寨,shae6
干,干,gun1
敢,敢,gun3
徹,彻,cih7
惡,恶,ngah7
惡,恶,vv5
惡,恶,vv1
慮,虑,ly6
斜,斜,qia2
斜,斜,ia2
庭,庭,tien2
納,纳,naeh8
于,于,y2
塞,塞,seh7
塞,塞,sae5
折,折,zih7
折,折,sih8
飼,饲,cz2
飼,饲,cz6
伸,伸,shen1
濕,湿,sheh7
麥,麦,moh8
荷,荷,hu2
荷,荷,hu6
暗,暗,un5
瓦,瓦,va3
床,床,chuan2
卡,卡,ka3
築,筑,zhoh7
戶,户,hv6
塔,塔,taeh7
訪,访,fan3
透,透,teu5
刀,刀,do1
旋,旋,xiun2
借,借,jia5
氯,氯,loh8
遇,遇,y6
份,份,fen6
毒,毒,toh8
泥,泥,ni2
泥,泥,ni6
退,退,tuei5
洗,洗,xi3
洗,洗,xin3
蟲,虫,chon2
擺,摆,bae3
灰,灰,huei1
彩,彩,cae3
賣,卖,mae6
圈,圈,qiun1
圈,圈,qiun6
耗,耗,ho5
夏,夏,xia6
夏,夏,ha6
擇,择,cheh8
忙,忙,man2
獻,献,xin5
銅,铜,ton2
硬,硬,ngen6
予,予,y2
予,予,y3
削,削,xiah7
卷,卷,jiun3
繁,繁,faen2
繁,繁,pu2
雪,雪,xiuh7
雪,雪,xyeh7
亦,亦,ieh8
函,函,haen2
抽,抽,cheu1
篇,篇,pin1
陣,阵,chen6
陰,阴,ien1
陰,阴,ien5
丁,丁,dien1
丁,丁,zhen1
尺,尺,cheh7
尺,尺,cha3
追,追,zhuei1
追,追,duei1
堆,堆,duei1
堆,堆,dy1
盛,盛,shen6
盛,盛,shen2
雄,雄,xion2
雄,雄,ion2
迎,迎,ien2
泛,泛,faen5
樓,楼,leu2
爸,爸,ba5
爸,爸,bae1
避,避,pi6
謀,谋,mu2
噸,吨,den1
野,野,ia3
豬,猪,zhv1
旗,旗,qi2
偏,偏,pin1
典,典,din3
館,馆,gun3
索,索,sah7
索,索,seh7
秦,秦,qien2
脂,脂,zhr1
潮,潮,cho2
爺,爷,ia2
爺,爷,i2
忽,忽,hueh7
塑,塑,sv5
遺,遗,i2
遺,遗,vei6
遺,遗,vei2
松,松,son1
累,累,luei2
累,累,luei3
累,累,luei6
愈,愈,y6
朱,朱,zhv1
替,替,ti5
纖,纤,xin1
豆,豆,teu6
傾,倾,qien1
傾,倾,qien3
傾,倾,qion3
粗,粗,cv1
尚,尚,shan6
痛,痛,ton5
楚,楚,chv3
驚,惊,jien1
壁,壁,bieh7
衝,冲,chon1
衝,冲,chon5
謝,谢,qia6
奮,奋,fen5
購,购,geu5
磨,磨,mu2
磨,磨,mu6
君,君,jyen1
池,池,chr2
旁,旁,pan2
碎,碎,suei5
碎,碎,xy5
骨,骨,gueh7
徵,征,zhen1
徵,徵,zhr3
監,监,jiaen1
監,监,jiaen5
監,监,gaen1
監,监,gaen5
捕,捕,pv3
弟,弟,ti6
胡,胡,hv2
胡,胡,vv2
暴,暴,bo5
暴,暴,po6
割,割,guh7
殊,殊,chv2
殊,殊,shv5
貫,贯,gun5
釋,释,sheh7
托,托,tah7
詞,词,cz2
頓,顿,den5
寶,宝,bo3
午,午,vv3
塵,尘,chen2
聞,闻,ven2
揭,揭,jih7
𩠾,𩠾,han1
炮,炮,po5
炮,炮,po2
䵑,䵑,ren6
殘,残,caen2
橋,桥,qio2
婦,妇,fv6
綜,综,zon5
警,警,jien3
招,招,zho1
吳,吴,vv2
付,付,fv5
浮,浮,fv2
遭,遭,zo1
徐,徐,qy2
冬,冬,don1
您,您,nien2
搖,摇,io2
谷,谷,goh7
谷,谷,ioh8
谷,谷,loh8
箱,箱,xian1
隔,隔,geh7
隔,隔,keh8
訂,订,dien5
男,男,nun2
吹,吹,chuei1
園,园,iun2
柱,柱,chv6
唐,唐,tan2
紛,纷,fen1
敗,败,pae6
嘴,嘴,zuei3
嘴,嘴,jy3
宋,宋,son5
玻,玻,bu1
巨,巨,qy6
耕,耕,gen1
坦,坦,taen3
榮,荣,ion2
灣,湾,vaen1
閉,闭,bi5
鍵,键,jin5
鍵,键,qin6
剝,剥,bah7
凡,凡,faen2
並,并,pien6
駐,驻,zhv5
救,救,jiu5
鍋,锅,gu1
恩,恩,ngen1
凝,凝,nien2
堿,碱,gaen3
齒,齿,chr3
截,截,qih8
跡,迹,jieh7
麻,麻,ma2
禁,禁,jien5
禁,禁,jien1
紡,纺,fan3
廢,废,fei5
版,版,baen3
緩,缓,un3
緩,缓,hun3
淨,净,qien6
睛,睛,jien1
昌,昌,chan1
婚,婚,huen1
涉,涉,cih8
筒,筒,ton3
插,插,chaeh7
岸,岸,un6
朗,朗,lan3
莊,庄,zhuan1
姑,姑,gv1
貿,贸,meu6
貿,贸,mu6
奴,奴,nv2
煉,炼,lin6
腐,腐,fv3
啦,啦,la1
慣,惯,guaen5
乘,乘,chen2
乘,乘,shen6
恢,恢,huei1
勻,匀,yen2
梁,梁,lian2
紗,纱,sha1
辯,辩,pin6
耳,耳,er3
彪,彪,bio1
抵,抵,di3
臣,臣,chen2
億,亿,i5
脈,脉,moh8
璃,璃,li2
秀,秀,xiu5
薩,萨,saeh7
俄,俄,ngu2
網,网,van3
舞,舞,vv3
店,店,din5
噴,喷,pen1
噴,喷,pen5
縱,纵,zon5
寸,寸,cuen5
童,童,ton2
汗,汗,hun6
汗,汗,hun2
洪,洪,hon2
賀,贺,hu6
閃,闪,sin3
掛,挂,gua5
柬,柬,jiaen3
柬,柬,gaen3
爆,爆,bo5
烯,烯,xi1
勒,勒,leh8
津,津,jien1
軋,轧,kaeh8
軋,轧,ngaeh8
稻,稻,to6
軟,软,run3
勇,勇,ion3
像,像,qian6
杆,杆,gun1
厘,厘,li2
滾,滚,guen3
蒙,蒙,mon2
芳,芳,fan1
肯,肯,ken3
坡,坡,pu1
腿,腿,tuei3
儀,仪,i2
旅,旅,ly3
尾,尾,vei3
伙,伙,hu3
蕩,荡,tan6
冰,冰,bien1
貢,贡,gon5
登,登,den1
黎,黎,li2
鑽,钻,zun1
鑽,钻,zun5
秘,秘,bi5
逃,逃,to2
障,障,zhan5
氨,氨,un1
湯,汤,tan1
湯,汤,shan1
郭,郭,guah7
亡,亡,van2
峰,峰,fon1
峰,峰,fon2
幣,币,pi6
幣,币,pei6
港,港,gan3
伏,伏,foh8
夢,梦,mon6
畝,亩,meu3
畝,亩,mu3
軌,轨,guei3
畢,毕,bieh7
擦,擦,caeh7
莫,莫,mah8
刺,刺,cz5
浪,浪,lan6
浪,浪,lan2
援,援,iun2
株,株,zhv1
健,健,jin5
健,健,qin6
售,售,sheu6
股,股,gv3
采,采,cae3
采,采,cae5
島,岛,do3
泡,泡,po1
泡,泡,po5
甘,甘,gun1
睡,睡,shuei6
鑄,铸,zhv5
休,休,xiu1
閥,阀,faeh8
牧,牧,moh8
繞,绕,ro6
哲,哲,zih7
炸,炸,zha5
磷,磷,lien2
朋,朋,pon2
績,绩,jieh7
淡,淡,taen6
啟,启,qi3
尖,尖,jin1
陷,陷,haen6
柴,柴,shae2
呈,呈,chen2
徒,徒,tv2
顏,颜,ngaen2
淚,泪,luei6
淚,泪,lieh8
稍,稍,sho5
忘,忘,van6
扎,扎,zhaeh7
泵,泵,ban5
泵,泵,ban1
藍,蓝,laen2
拖,拖,tu1
洞,洞,ton6
洞,洞,ton2
弄,弄,lon6
弄,弄,non6
授,授,sheu6
鏡,镜,jien5
埔,埔,bv5
埔,埔,pv3
壯,壮,zhuan5
辛,辛,xien1
鋒,锋,fon1
鋒,锋,fon2
虛,虚,xy1
貧,贫,pien2
佛,佛,feh8
佛,佛,feh7
佛,佛,pieh7
彎,弯,vaen1
摩,摩,mu2
泰,泰,tae5
匯,汇,huei6
幼,幼,iu5
尊,尊,zuen1
廷,廷,tien2
窗,窗,chuan1
綱,纲,gan1
氏,氏,shr6
氏,氏,zhr1
隸,隶,li6
疑,疑,i2
宮,宫,gon1
姐,姐,jia3
姐,姐,ji3
震,震,zhen5
瑞,瑞,shuei6
怪,怪,guae5
尤,尤,iu2
夾,夹,gaeh7
循,循,qyen2
琴,琴,qien2
描,描,mio2
膜,膜,mah8
膜,膜,mu2
違,违,vei2
珠,珠,zhv1
緣,缘,iun2
緣,缘,iun6
腰,腰,io1
枝,枝,zhr1
森,森,shen1
窮,穷,qion2
竹,竹,zhoh7
溝,沟,geu1
催,催,cuei1
憶,忆,i5
繩,绳,shen2
邦,邦,ban1
剩,剩,chen5
欄,栏,laen2
漿,浆,jian1
擁,拥,ion3
牙,牙,nga2
貯,贮,zhv5
禮,礼,li3
濾,滤,ly6
鈉,钠,naeh8
紋,纹,ven2
咱,咱,za1
拍,拍,poh7
罷,罢,pa6
幸,幸,xien6
喊,喊,haen5
喊,喊,haen3
袖,袖,qiu6
埃,埃,ngae1
勤,勤,qien2
焦,焦,jio1
罰,罚,faeh8
伍,伍,vv3
潛,潜,qin2
墨,墨,moh8
縫,缝,fon2
縫,缝,fon6
姓,姓,xien5
刊,刊,kun1
畜,畜,choh7
畜,畜,xioh7
飽,饱,bo3
獎,奖,jian3
鋁,铝,ly3
余,余,y2
鬼,鬼,guei3
麗,丽,li6
麗,丽,li2
挖,挖,vaeh7
跨,跨,kua5
默,默,moh8
鏈,链,lin6
仿,仿,fan3
掃,扫,so3
喝,喝,huh7
喝,喝,ngae5
袋,袋,tae6
殼,壳,kah7
炭,炭,taen5
幕,幕,mah8
諸,诸,zhv1
弧,弧,hv2
污,污,vv1
勵,励,li6
梅,梅,mei2
梅,梅,mi2
奶,奶,nae3
奶,奶,nae1
潔,洁,jih7
災,灾,zae1
舟,舟,zheu1
鑑,鉴,jiaen5
鑑,鉴,gaen5
苯,苯,ben3
訟,讼,son6
抱,抱,po6
毀,毁,huei3
懂,懂,don3
寒,寒,hun2
智,智,zhr5
寄,寄,ji5
屆,届,gae5
屆,届,jiae5
躍,跃,iah8
挑,挑,tio1
挑,挑,tio3
渡,渡,tv6
丹,丹,daen1
艱,艰,jiaen1
艱,艰,gaen1
貝,贝,bei5
拔,拔,paeh8
爹,爹,dia1
戴,戴,dae5
碼,码,ma3
芽,芽,nga2
碰,碰,pon5
赤,赤,cheh7
漁,渔,y2
哭,哭,koh7
鉛,铅,kaen1
鉛,铅,in2
敬,敬,jien5
顆,颗,ku1
顆,颗,ku3
奔,奔,ben1
奔,奔,ben5
欲,欲,ioh8
仲,仲,chon6
柯,柯,ku1
稀,稀,xi1
虎,虎,hv3
妹,妹,mei6
妹,妹,mi6
乏,乏,faeh8
珍,珍,zhen1
桌,桌,zhuah7
申,申,shen1
遵,遵,zuen1
遵,遵,jyen1
允,允,yen3
螺,螺,lu2
螺,螺,lu1
隆,隆,lon2
倉,仓,can1
魏,魏,vei6
曉,晓,xio3
銳,锐,ruei6
征,征,zhen1
兼,兼,jin1
氮,氮,taen6
隱,隐,ien3
隱,隐,ien5
牆,墙,qian2
礙,碍,ngae6
赫,赫,heh7
忠,忠,zhon1
撥,拨,buh7
准,准,zhuen3
肅,肃,soh7
缸,缸,gan1
搶,抢,qian3
搶,抢,qian1
牽,牵,qin1
博,博,bah7
巧,巧,qio3
兄,兄,xion1
杜,杜,tv6
訊,讯,xien5
誠,诚,chen2
碧,碧,bieh7
祥,祥,qian2
頁,页,ih8
巡,巡,qyen2
矩,矩,jy3
尋,寻,qien2
悲,悲,bei1
灌,灌,gun5
齡,龄,lien2
倫,伦,len2
票,票,pio5
桂,桂,guei5
聖,圣,shen5
恰,恰,qiaeh7
恐,恐,kon3
鄭,郑,chen6
趣,趣,qy5
趣,趣,cv5
抬,抬,tae2
荒,荒,huan1
貼,贴,tih7
騰,腾,ten2
柔,柔,reu2
滴,滴,dieh7
呵,呵,hu1
猛,猛,mon3
輛,辆,lian3
闊,阔,kuh7
勁,劲,jien5
妻,妻,qi1
妻,妻,qi5
填,填,tin2
撤,撤,cih7
儲,储,chv2
舍,舍,shae5
舍,舍,sha5
淺,浅,qin3
淺,浅,jin1
鬧,闹,no6
擾,扰,ro3
紫,紫,zz3
讚,赞,zaen5
砂,砂,sha1
戲,戏,xi5
戲,戏,hv1
遞,递,ti6
吊,吊,dio5
陶,陶,to2
陶,陶,io2
伐,伐,faeh8
療,疗,lio2
瓶,瓶,pien2
婆,婆,pu2
臂,臂,bi5
撫,抚,fv3
摸,摸,mah8
忍,忍,ren3
蝦,虾,xia1
蝦,虾,ha1
水,水,shuei3
胸,胸,xion1
鄰,邻,lien2
偶,偶,ngeu3
擠,挤,ji3
棄,弃,qi5
鞏,巩,gon3
鋪,铺,pv1
鋪,铺,pv5
乳,乳,rv3
乳,乳,lv3
槽,槽,co2
鬆,松,son1
仁,仁,ren2
吉,吉,jieh7
鄧,邓,ten6
熔,熔,ion2
爛,烂,laen6
磚,砖,zhun1
租,租,zv1
簽,签,qin1
烏,乌,vv1
艦,舰,kaen3
伴,伴,pun6
瓜,瓜,gua1
丙,丙,bien3
暫,暂,caen6
燥,燥,co5
燥,燥,so5
譜,谱,pv3
譜,谱,bv3
橡,橡,qian6
暖,暖,nun3
柳,柳,leu3
牌,牌,pae2
秧,秧,ian1
縴,纤,qin1
迷,迷,mi2
膽,胆,daen3
詳,详,qian2
簧,簧,huan2
踏,踏,taeh8
呆,呆,dae1
呆,呆,ngae2
瓷,瓷,cz2
賓,宾,bien1
洛,洛,lah8
糊,糊,hv2
糊,糊,hv6
憤,愤,fen6
競,竞,qien6
隙,隙,qieh7
怒,怒,nv6
粘,粘,nin2
乃,乃,nae3
緒,绪,qy6
肩,肩,jin1
籍,籍,qieh8
輝,辉,huei1
敏,敏,mien3
熙,熙,xi1
皆,皆,gae1
皆,皆,jiae1
桿,杆,gun3
偵,侦,zhen1
懸,悬,xiun2
掘,掘,qyeh8
掘,掘,qiuh8
享,享,xian3
糾,纠,jiu1
醒,醒,xien3
狂,狂,kuan2
鎖,锁,su3
恨,恨,hen6
牲,牲,shen1
霸,霸,ba5
誌,志,zhr5
爬,爬,pa2
賞,赏,shan3
玩,玩,vaen2
玩,玩,un6
逆,逆,nieh8
陵,陵,lien2
祝,祝,zhoh7
浙,浙,zih7
秒,秒,mio3
貌,貌,mo6
役,役,yeh8
彼,彼,bi3
悉,悉,xieh7
冒,冒,mo6
冒,冒,moh8
鴨,鸭,ngaeh7
蠟,蜡,laeh8
趨,趋,qy1
塗,涂,tv2
鳳,凤,fon6
晨,晨,chen2
輩,辈,bei5
秩,秩,cheh8
卵,卵,lun3
署,署,shv6
署,署,shv5
署,署,shv3
梯,梯,ti1
梯,梯,tuei1
梯,梯,ty1
炎,炎,in2
灘,滩,taen1
篩,筛,shae1
驅,驱,qy1
峽,峡,haeh8
峽,峡,xiaeh8
啥,啥,sha2
壽,寿,sheu6
譯,译,ieh8
浸,浸,jien5
浸,浸,qien1
泉,泉,qiun2
帽,帽,mo6
硅,硅,guei1
遲,迟,chr2
疆,疆,jian1
棋,棋,qi2
貸,贷,tae6
漏,漏,leu6
冠,冠,gun1
冠,冠,gun5
嫩,嫩,nen6
稿,稿,go3
脅,胁,xih7
芯,芯,xien1
牢,牢,lo2
叛,叛,pun5
蝕,蚀,sheh8
奧,奥,ngo5
鳴,鸣,mien2
嶺,岭,lien3
羊,羊,ian2
憑,凭,pien2
串,串,chun5
塘,塘,tan2
繪,绘,huei6
融,融,ion2
酵,酵,jio5
酵,酵,go5
盆,盆,pen2
錫,锡,xieh7
廟,庙,mio6
凍,冻,don5
攝,摄,sih7
攝,摄,nih8
籌,筹,cheu2
輔,辅,pv3
襲,袭,qieh8
拒,拒,qy6
筋,筋,jien1
僚,僚,lio2
旱,旱,hun6
鉀,钾,jiaeh7
漆,漆,qieh7
鳥,鸟,nio3
眉,眉,mi2
添,添,tin1
疏,疏,shv1
疏,疏,shv5
棒,棒,pan6
穗,穗,cuei6
穗,穗,qy6
埋,埋,mae2
硝,硝,xio1
韓,韩,hun2
僑,侨,qio2
扭,扭,neu3
逼,逼,bieh7
挺,挺,tien3
涼,凉,lian2
涼,凉,lian6
栽,栽,zae1
碗,碗,un3
炒,炒,cho3
杯,杯,bei1
勸,劝,qiun5
患,患,huaen6
贊,赞,zaen5
餾,馏,leu2
豪,豪,ho2
遼,辽,lio2
勃,勃,peh8
鴻,鸿,hon2
吏,吏,li6
旦,旦,daen5
拜,拜,bae5
狗,狗,geu3
輥,辊,guen3
掩,掩,in3
飲,饮,ien3
飲,饮,ien5
搬,搬,bun1
罵,骂,ma6
勾,勾,geu1
勾,勾,geu5
辭,辞,cz2
扣,扣,keu5
扣,扣,keu1
丈,丈,chan6
估,估,gv3
絨,绒,ron2
蔣,蒋,jian3
蔣,蒋,jian1
霧,雾,vv5
霧,雾,vv6
麵,面,min6
姆,姆,mv3
擬,拟,ni3
朵,朵,du3
宇,宇,y3
輯,辑,qieh8
陝,陕,sin3
番,番,faen1
番,番,pun1
番,番,pu2
雕,雕,dio1
償,偿,shan2
蓄,蓄,xioh7
剪,剪,jin3
崇,崇,chon2
倡,倡,chan5
倡,倡,chan1
咬,咬,ngo3
咬,咬,go1
廳,厅,tien1
薯,薯,shv6
薯,薯,shv5
薯,薯,shv3
駛,驶,shr3
刷,刷,shuaeh7
斥,斥,cheh7
賦,赋,fv5
奉,奉,fon6
扇,扇,sin5
扇,扇,sin1
曼,曼,maen6
曼,曼,maen2
曼,曼,mun6
沈,沈,shen3
漫,漫,maen6
漫,漫,mun6
澆,浇,jio1
鈣,钙,gae5
桃,桃,to2
仔,仔,zz3
仔,仔,zz1
扶,扶,fv2
俗,俗,soh8
返,返,faen3
虧,亏,kuei1
腔,腔,qian1
鞋,鞋,hae2
叔,叔,shoh7
悄,悄,qio1
悄,悄,qio3
撞,撞,chuan6
框,框,kuan1
覆,覆,fv5
覆,覆,foh7
覆,覆,fv6
週,周,zheu1
騙,骗,pin5
勘,勘,kun5
旺,旺,van6
沸,沸,fei5
孤,孤,gv1
黏,黏,nin2
吐,吐,tv3
吐,吐,tv5
孟,孟,mon6
屈,屈,qyeh7
屈,屈,jyeh7
渠,渠,qy2
仰,仰,nian3
仰,仰,ian3
妙,妙,mio6
惜,惜,xieh7
疾,疾,qieh8
辟,辟,pieh7
辟,辟,bieh7
狠,狠,hen3
脹,胀,zhan5
諧,谐,xiae2
諧,谐,hae2
拋,抛,po1
喂,喂,vei2
霉,霉,mei2
霉,霉,mi2
桑,桑,san1
哩,哩,li3
衰,衰,shuae1
衰,衰,cuei1
嘛,嘛,ma2
崗,岗,gan3
棱,棱,len2
滲,渗,shen5
盜,盗,to6
髒,脏,zan1
賴,赖,lae6
甜,甜,tin2
曹,曹,co2
閱,阅,iuh8
厲,厉,li6
肌,肌,ji1
烴,烃,tien1
巷,巷,han6
毅,毅,i6
緯,纬,vei3
昨,昨,cah8
偽,伪,vei3
煮,煮,zhv3
癥,症,zhen1
搭,搭,daeh7
釘,钉,dien1
釘,钉,dien5
莖,茎,jien1
籠,笼,lon2
籠,笼,lon3
嘆,叹,taen5
綸,纶,len2
綸,纶,guaen1
酷,酷,koh7
鬍,胡,hv2
偷,偷,teu1
弓,弓,gon1
錐,锥,zhuei1
恆,恒,hen2
遊,游,iu2
坑,坑,ken1
鼻,鼻,pieh8
敘,叙,qy6
獄,狱,ioh8
翼,翼,ieh8
絡,络,lah8
湧,涌,ion3
罐,罐,gun5
抑,抑,ieh7
棚,棚,pon2
膨,膨,pon2
寺,寺,cz6
砌,砌,qi5
蔬,蔬,shv1
驟,骤,cheu6
穆,穆,moh8
冶,冶,ia3
枯,枯,kv1
凸,凸,teh8
紳,绅,shen1
坯,坯,pi1
焰,焰,in6
犧,牺,xi1
冊,册,ceh7
轟,轰,hon1
緻,致,chr6
晉,晋,jien5
瘦,瘦,sheu5
喪,丧,san1
喪,丧,san5
壟,垄,lon3
錠,锭,dien5
錦,锦,jien3
旬,旬,qyen2
鍛,锻,dun5
邀,邀,io1
欣,欣,xien1
亭,亭,tien2
酯,酯,zhr3
舒,舒,shv1
邁,迈,mae6
憂,忧,iu1
脆,脆,cuei5
脆,脆,qy5
閒,闲,xiaen2
閒,闲,haen2
撲,扑,poh7
漲,涨,zhan3
羽,羽,y3
酚,酚,fen1
頑,顽,kuaen2
頑,顽,vaen2
卸,卸,xia5
拌,拌,pun6
仗,仗,zhan5
仗,仗,chan6
陪,陪,pei2
陪,陪,pi2
姚,姚,io2
懲,惩,chen2
杭,杭,han2
捉,捉,zhuah7
肚,肚,dv3
肚,肚,tv6
飄,飘,pio1
漂,漂,pio5
漂,漂,pio1
漂,漂,pio3
搜,搜,seu1
吾,吾,vv2
昆,昆,kuen1
欺,欺,qi1
郎,郎,lan2
汁,汁,zheh7
烷,烷,un2
蕭,萧,xio1
郵,邮,iu2
雅,雅,ia3
飾,饰,sheh7
屍,尸,shr1
燕,燕,in5
燕,燕,in1
遷,迁,qin1
姻,姻,ien1
撒,撒,saeh7
赴,赴,fv5
宴,宴,in5
債,债,zhae5
帳,帐,zhan5
煩,烦,faen2
斑,斑,baen1
旨,旨,zhr3
鈴,铃,lien2
醇,醇,shuen2
董,董,don3
姿,姿,zz1
雛,雏,chv2
餅,饼,bien3
傅,傅,fv5
妥,妥,tu3
腹,腹,foh7
拆,拆,cheh7
捅,捅,ton3
揉,揉,reu2
澱,淀,tin6
賢,贤,xin2
歪,歪,huae1
葡,葡,pv2
丟,丢,deu1
徽,徽,huei1
浩,浩,ho6
胺,胺,un1
胺,胺,uh7
墊,垫,tin6
昂,昂,ngan2
擋,挡,dan3
覽,览,laen3
貪,贪,tun1
慰,慰,vei5
抹,抹,maeh8
繳,缴,jio3
繳,缴,zhah7
馮,冯,fon2
馮,冯,pien2
樑,梁,lian2
汪,汪,van1
慌,慌,huan1
諾,诺,nah8
姜,姜,jian1
誼,谊,i6
闆,板,baen3
劣,劣,lih8
耀,耀,io6
誣,诬,fv2
攪,搅,jio3
昏,昏,huen1
盈,盈,ien2
躺,躺,tan3
喬,乔,qio2
溪,溪,qi1
騎,骑,qi2
騎,骑,qi6
叢,丛,con2
盧,卢,lv2
譽,誉,y6
咨,咨,zz1
悶,闷,men6
屏,屏,pien2
屏,屏,bien5
屏,屏,bien1
駕,驾,jia5
駕,驾,ga5
倆,俩,lian3
悟,悟,vv6
纜,缆,laen3
摘,摘,zheh7
擲,掷,cheh8
餌,饵,er3
堡,堡,bo3
頗,颇,pu1
頗,颇,pu3
幻,幻,huaen6
惠,惠,huei6
柄,柄,bien5
佳,佳,jia1
慘,惨,caen3
慘,惨,cun3
仇,仇,cheu2
仇,仇,qiu2
御,御,y6
窩,窝,u1
臘,腊,laeh8
宿,宿,soh7
宿,宿,xiu5
劍,剑,jin5
滌,涤,tieh8
瞧,瞧,qio2
潑,泼,puh7
罩,罩,zho5
蔥,葱,con1
撈,捞,lo1
撈,捞,lo2
泊,泊,pah8
霍,霍,huah7
霍,霍,vah7
胎,胎,tae1
蒼,苍,can1
湘,湘,xian1
濱,滨,bien1
砍,砍,kun3
霞,霞,ha2
霞,霞,xia2
邵,邵,sho6
酬,酬,cheu2
萄,萄,to2
淮,淮,huae2
熊,熊,xion2
瘋,疯,fon1
遂,遂,cuei6
烘,烘,hon1
烘,烘,hon5
糞,粪,fen5
戈,戈,gu1
檔,档,dan5
嫂,嫂,so3
裕,裕,y6
駁,驳,bah7
徙,徙,xi3
嚇,吓,heh7
捐,捐,jiun1
箭,箭,jin5
撐,撑,chen1
腸,肠,chan2
攤,摊,taen1
殿,殿,tin6
殿,殿,din5
蓮,莲,lin2
辨,辨,pin6
醬,酱,jian5
疫,疫,yeh8
哀,哀,ngae1
堵,堵,dv3
蔡,蔡,cae5
沫,沫,muh8
皺,皱,zheu5
暢,畅,chan5
疊,叠,tih8
萊,莱,lae2
閣,阁,gah7
敲,敲,ko1
轄,辖,haeh8
痕,痕,hen2
鉤,钩,geu1
壩,坝,ba5
溜,溜,leu1
丘,丘,qiu1
玄,玄,xiun2
禍,祸,hu6
餓,饿,ngu6
曰,曰,iuh8
曰,曰,ya1
彭,彭,pon2
邏,逻,lu2
卿,卿,qien1
吞,吞,ten1
妨,妨,fan1
妨,妨,fan2
艇,艇,tien3
韋,韦,vei2
怨,怨,iun5
柏,柏,boh7
歇,歇,xih7
矮,矮,ngae3
捻,捻,nin3
捻,捻,nih8
祿,禄,loh8
郊,郊,jio1
漠,漠,mah8
冤,冤,iun1
宏,宏,hon2
粹,粹,suei5
顛,颠,din1
仙,仙,xin1
肪,肪,fan2
刮,刮,guaeh7
押,押,ngaeh7
挨,挨,ngae1
捱,挨,ngae2
娃,娃,va2
醛,醛,qiun2
拾,拾,sheh8
勿,勿,veh8
侯,侯,heu2
吪,吪,u2
夕,夕,xieh7
戀,恋,lin6
鋅,锌,xien1
兆,兆,cho6
淋,淋,lien2
淋,淋,lien6
蓬,蓬,pon2
豈,岂,qi3
釉,釉,iu6
妄,妄,van6
拘,拘,jy1
捲,卷,jiun3
魂,魂,huen2
摧,摧,cuei1
氟,氟,feh8
頌,颂,son6
渾,浑,huen2
誘,诱,iu6
蹟,迹,jieh7
鈾,铀,iu2
犁,犁,li2
譴,谴,qin3
嘉,嘉,ga1
墻,墙,qian2
戚,戚,qieh7
扯,扯,cha3
滋,滋,zz1
猶,犹,iu2
舶,舶,poh8
萌,萌,mon2
頒,颁,baen1
焊,焊,hun6
舌,舌,sih8
匹,匹,pieh7
嘗,尝,shan2
媳,媳,xieh7
肺,肺,fei5
掠,掠,liah8
烹,烹,pon1
疲,疲,pi2
釀,酿,nian6
窄,窄,zheh7
馳,驰,chr2
鴉,鸦,nga1
狹,狭,haeh8
狹,狭,kuaeh7
辱,辱,roh8
契,契,qi5
契,契,qih7
敦,敦,den1
敦,敦,duei1
敦,敦,duei5
敦,敦,tun2
遣,遣,qin3
菲,菲,fei1
菲,菲,fei3
韌,韧,ren6
拳,拳,qiun2
辣,辣,laeh8
稈,秆,gun3
臥,卧,u6
醉,醉,zuei5
醉,醉,jy5
墓,墓,mu6
矣,矣,i3
竭,竭,qih8
茅,茅,mo2
艷,艳,in6
輿,舆,y2
締,缔,ti6
賬,账,zhan5
尿,尿,nio6
尿,尿,suei1
尿,尿,xy1
葬,葬,zan5
履,履,li3
渣,渣,zha1
禽,禽,qien2
襯,衬,chen5
賠,赔,pei2
賠,赔,pi2
躲,躲,du3
奸,奸,gaen1
奸,奸,jiaen1
溉,溉,gae5
稼,稼,ga5
稼,稼,jia5
賊,贼,ceh8
妃,妃,fei1
抖,抖,deu3
醋,醋,cv5
廉,廉,lin2
掀,掀,xin1
晴,晴,qien2
褲,裤,kv5
后,后,heu6
茫,茫,man2
亥,亥,hae6
悠,悠,iu1
攔,拦,laen2
慧,慧,huei6
闡,阐,cin3
佐,佐,zu3
佐,佐,zu5
孝,孝,xio5
豎,竖,shv6
佩,佩,pei6
繡,绣,xiu5
遙,遥,io2
麟,麟,lien2
挽,挽,vaen3
捨,舍,sha3
逝,逝,shr6
愁,愁,cheu2
昭,昭,zho1
肖,肖,xio5
肖,肖,sho5
窯,窑,io2
臭,臭,cheu5
臭,臭,xiu5
芬,芬,fen1
逢,逢,fon2
捷,捷,qih8
堤,堤,ti2
宙,宙,cheu6
盲,盲,man2
閘,闸,chaeh8
披,披,pi1
輻,辐,foh7
鑿,凿,cah8
凶,凶,xion1
幽,幽,iu1
拓,拓,tah7
拓,拓,taeh7
杠,杠,gan1
狼,狼,lan2
崩,崩,bon1
慎,慎,shen6
綢,绸,cheu2
蜂,蜂,fon1
惟,惟,vei2
誓,誓,shr6
錶,表,bio3
餐,餐,caen1
叉,叉,cha1
址,址,zhr3
幟,帜,zhr5
彌,弥,mi2
芝,芝,zhr1
僕,仆,poh8
唉,唉,ae1
濤,涛,to2
慨,慨,kae3
慨,慨,kae5
翠,翠,cuei5
饑,饥,ji1
劫,劫,jih7
卜,卜,boh7
盒,盒,huh8
倘,倘,tan3
椒,椒,jio1
炳,炳,bien3
畏,畏,vei5
閤,合,guh7
頸,颈,jien3
凌,凌,lien2
喉,喉,heu2
墾,垦,ken3
巾,巾,jien1
拚,拚,pun1
獸,兽,sheu5
乾,干,gun1
乾,乾,qin2
爽,爽,shuan3
蔽,蔽,bi5
蘆,芦,lv2
掙,挣,zhen1
掙,挣,zhen5
竊,窃,qih7
譚,谭,tun2
譚,谭,taen2
謬,谬,miu6
褐,褐,huh8
傘,伞,saen3
儒,儒,rv2
翅,翅,zhr5
顫,颤,zin5
剖,剖,pu5
晃,晃,huan5
胚,胚,pei1
湊,凑,ceu5
濁,浊,chuah8
眠,眠,min2
杰,杰,qih8
霜,霜,shuan1
礁,礁,jio1
蔑,蔑,mih8
喀,喀,keh7
喀,喀,ka1
喀,喀,ka3
抄,抄,cho1
奈,奈,nae6
闖,闯,chuan3
闖,闯,chen5
碑,碑,bei1
耶,耶,ia2
蓉,蓉,ion2
刨,刨,po6
喚,唤,hun5
壺,壶,hv2
柵,栅,cheh7
柵,栅,shaen5
猜,猜,cae1
蹲,蹲,chen2
掏,掏,to1
梳,梳,shv1
樸,朴,poh7
樸,朴,poh8
澳,澳,ngo5
澳,澳,ioh7
玲,玲,lien2
紐,纽,neu3
綿,绵,min2
郡,郡,qyen6
鋸,锯,jy5
膀,膀,pan2
膀,膀,ban3
膀,膀,pan1
錘,锤,chuei2
鼠,鼠,chv3
椅,椅,i3
殷,殷,ien1
殷,殷,in1
殷,殷,ien3
穴,穴,xiuh8
遮,遮,zha1
吵,吵,cho3
萍,萍,pien2
厭,厌,in5
厭,厌,in1
俱,俱,jy5
呂,吕,ly3
囊,囊,nan2
捧,捧,pon3
澄,澄,chen2
澄,澄,dien5
哎,哎,ngae0
瞬,瞬,shuen5
閩,闽,mien3
雌,雌,cz1
饒,饶,ro2
哨,哨,sho5
滸,浒,hv3
滸,浒,xy3
俺,俺,in5
茂,茂,meu6
茂,茂,mu6
蘗,蘗,boh7
勳,勋,xyen1
肝,肝,gun1
盯,盯,dien1
籽,籽,zz3
恥,耻,chr3
濫,滥,laen6
菊,菊,jioh7
帥,帅,shuae5
戒,戒,gae5
鞭,鞭,bin1
詢,询,xyen1
鎂,镁,mei3
宅,宅,cheh8
淀,淀,tin6
烤,烤,ko3
賈,贾,jia3
賈,贾,ga3
賈,贾,gv3
跌,跌,dih7
笛,笛,tieh8
蠻,蛮,maen2
鄂,鄂,ngah8
棍,棍,guen5
睜,睁,zhen1
鷊,鹝,ieh8
云,云,yen2
岌,岌,qieh8
曆,历,lieh8
鼎,鼎,dien3
侍,侍,shr6
嚷,嚷,ran3
藩,藩,faen2
匪,匪,fei3
穎,颖,ien3
糟,糟,zo1
纏,缠,cin2
纏,缠,cin6
卑,卑,bei1
堪,堪,kun1
壇,坛,taen2
氛,氛,fen1
悅,悦,iuh8
碘,碘,din3
縛,缚,boh7
屠,屠,tv2
攀,攀,paen1
溢,溢,ieh8
甫,甫,pv3
凹,凹,ngo1
凹,凹,vaeh7
凹,凹,va5
拱,拱,gon3
攜,携,xi2
攜,携,qi2
晰,晰,xieh7
朽,朽,xiu3
吟,吟,ien2
迪,迪,tieh8
菱,菱,lien2
謙,谦,qin1
俊,俊,jyen5
俊,俊,zuen5
嬸,婶,shen3
盼,盼,paen5
艘,艘,seu1
芒,芒,man2
唇,唇,shuen2
挫,挫,cu5
浴,浴,ioh8
羞,羞,xiu1
趁,趁,chen5
岳,岳,iah8
愚,愚,y2
疼,疼,ten2
腫,肿,zhon3
萎,萎,vei3
樞,枢,shv1
絞,绞,go3
餵,喂,vei5
餵,喂,y5
嫁,嫁,ga5
慕,慕,mu6
茲,兹,zz1
茲,兹,cz2
艙,舱,can1
蘋,苹,pien2
豫,豫,y6
諭,谕,y6
蠶,蚕,cun2
潘,潘,pun1
翁,翁,on1
迭,迭,tih8
頃,顷,qien3
匠,匠,qian6
榜,榜,ban3
榜,榜,bon5
欠,欠,qin5
沾,沾,zin1
疇,畴,cheu2
胃,胃,vei6
茬,茬,cha2
蹤,踪,zon1
哼,哼,hen1
弊,弊,pi6
桐,桐,ton2
歧,歧,qi2
沃,沃,oh7
潰,溃,kuei6
潰,溃,huei6
鵬,鹏,pon2
悼,悼,to6
惑,惑,hoh8
蔗,蔗,zha5
曬,晒,shae5
潭,潭,tun2
孢,孢,bo1
診,诊,zhen3
庸,庸,ion2
渦,涡,gu1
渦,涡,u1
迴,回,huei2
嫌,嫌,xin2
聰,聪,con1
哦,哦,ngu2
廚,厨,chv2
梭,梭,su1
祁,祁,qi2
肆,肆,sz5
贈,赠,cen6
鉗,钳,qin2
龐,庞,pan2
崖,崖,ia2
醜,丑,cheu3
籃,篮,laen2
并,并,bien1
并,并,bien5
甸,甸,tin6
甸,甸,din5
胖,胖,pan5
胖,胖,pun2
藻,藻,zo3
誇,夸,kua1
搗,捣,do3
撕,撕,sz1
詔,诏,zho5
貞,贞,zhen1
慈,慈,cz2
炕,炕,kan5
賜,赐,cz5
卓,卓,zhuah7
汛,汛,xien5
瓊,琼,qion2
鏟,铲,chaen3
撓,挠,no2
棵,棵,ku1
灶,灶,zo5
饋,馈,kuei6
嬰,婴,ien1
祭,祭,ji5
祭,祭,zhae5
膚,肤,fv1
蒂,蒂,di5
衫,衫,shaen1
侖,仑,len2
傑,杰,qih8
勉,勉,min3
瀝,沥,lieh8
滬,沪,hv6
逸,逸,ieh8
嗓,嗓,san3
暈,晕,yen6
暈,晕,yen1
暈,晕,ien5
浦,浦,pv3
蜜,蜜,mieh8
膏,膏,go1
膏,膏,go5
艾,艾,ngae6
贏,赢,ien2
兔,兔,tv5
孕,孕,yen6
憐,怜,lin2
扮,扮,baen5
蒲,蒲,pv2
鵝,鹅,ngu2
嚦,呖,lieh8
挪,挪,nu2
淑,淑,shoh8
謠,谣,io2
廊,廊,lan2
懼,惧,qy6
緬,缅,min3
俘,俘,fv1
咽,咽,in1
咽,咽,ih7
咽,咽,in5
驕,骄,jio1
宰,宰,zae3
陡,陡,deu3
僱,雇,gv5
峻,峻,jyen5
惱,恼,no3
腺,腺,xin5
誕,诞,taen6
夷,夷,i2
愉,愉,y2
獵,猎,lih8
魔,魔,mu2
喲,哟,iah0
扛,扛,kan2
扛,扛,gan1
葛,葛,guh7
蔭,荫,ien5
銨,铵,un1
脊,脊,jieh7
倚,倚,i3
扁,扁,bin3
扁,扁,pin1
杏,杏,xien6
橢,椭,tu3
溴,溴,xiu5
滯,滞,chr6
苛,苛,ku1
苛,苛,hu2
鈔,钞,cho1
錳,锰,mon3
鑲,镶,xian1
捏,捏,nih8
斬,斩,zhaen3
氓,氓,man2
傲,傲,ngo6
僵,僵,jian1
匆,匆,con1
屑,屑,xyeh7
燙,烫,tan5
衍,衍,in3
郁,郁,ioh7
鹵,卤,lv3
攏,拢,lon3
裸,裸,lu3
邪,邪,qia2
邪,邪,ia2
坊,坊,fan1
坊,坊,fan2
渴,渴,kuh7
渴,渴,qih8
渴,渴,huh8
舅,舅,qiu6
泄,泄,xih7
泄,泄,i6
翔,翔,qian2
廈,厦,sha5
廈,厦,ha6
廈,厦,xia6
櫃,柜,kuei6
欽,钦,qien1
窖,窖,go5
貓,猫,mo2
貓,猫,mio2
媒,媒,mei2
媒,媒,mi2
脾,脾,pi2
噪,噪,co5
晝,昼,zheu5
蛇,蛇,sha2
蛇,蛇,i2
耙,耙,pa2
耿,耿,gen3
曇,昙,tun2
秤,秤,chen5
秤,秤,pien2
粱,粱,lian2
糕,糕,go1
衷,衷,zhon1
販,贩,faen5
辰,辰,chen2
哇,哇,va1
囑,嘱,zhoh7
宦,宦,huaen6
扔,扔,ren2
扔,扔,ren6
杉,杉,shaen1
詐,诈,zha5
吁,吁,xy1
岡,冈,gan1
廓,廓,kuah7
悔,悔,huei3
皂,皂,co6
氰,氰,qien1
肴,肴,io2
剎,刹,shaeh8
剎,刹,chaeh7
勺,勺,shah8
寓,寓,y6
瑪,玛,ma3
矢,矢,shr3
垮,垮,kua3
淘,淘,to2
瓣,瓣,baen5
筍,笋,xyen3
筍,笋,suen3
罕,罕,hun3
鍾,钟,zhon1
喇,喇,la3
帕,帕,pa5
帕,帕,maeh8
恭,恭,gon1
摔,摔,shueh7
桉,桉,un1
秉,秉,bien3
銘,铭,mien2
鬚,须,xy1
齋,斋,zhae1
儉,俭,jin3
叭,叭,ba1
帆,帆,faen2
瘤,瘤,leu2
砸,砸,caeh8
祼,祼,gun5
篷,篷,pon2
肢,肢,zhr1
藤,藤,ten2
拐,拐,guae3
脖,脖,peh8
暑,暑,chv3
瞪,瞪,den5
殲,歼,jin1
竿,竿,gun1
笙,笙,shen1
蘊,蕴,yen5
酮,酮,ton2
嘩,哗,hua2
瞎,瞎,haeh7
刃,刃,ren6
嵌,嵌,kaen5
楔,楔,xih7
紮,扎,zhaeh7
藉,藉,qih8
藉,藉,qia6
喘,喘,chun3
廂,厢,xian1
撾,挝,zhua1
撾,挝,u1
枚,枚,mei2
粵,粤,iuh8
咸,咸,haen2
拴,拴,shuaen1
爪,爪,zho3
爪,爪,zhua3
膝,膝,xieh7
懇,恳,ken3
腕,腕,un5
娓,娓,vei3
屢,屡,ly3
熄,熄,xieh7
錨,锚,mo2
噹,当,dan1
忌,忌,qi6
愧,愧,kuei5
丸,丸,un2
圃,圃,pv3
圃,圃,bv3
榨,榨,zha5
荊,荆,jien1
騷,骚,so1
屯,屯,ten2
屯,屯,zhuen1
屯,屯,chuen2
毯,毯,taen3
蒜,蒜,sun5
蠋,蠋,zhoh7
蠋,蠋,choh8
俯,俯,fv3
弗,弗,feh7
梢,梢,sho1
衙,衙,ia2
鹿,鹿,loh8
扒,扒,pa2
扒,扒,ba1
灑,洒,sa3
轎,轿,qio2
轎,轿,qio6
啞,哑,nga3
啞,哑,ngeh7
啞,哑,nga5
啞,哑,nga1
壘,垒,luei3
諒,谅,lian6
賤,贱,qin6
踢,踢,tieh7
棕,棕,zon1
泳,泳,ion3
泌,泌,bi5
泌,泌,bieh7
泌,泌,pieh8
渥,渥,vah7
滔,滔,to1
銜,衔,haen2
餉,饷,xian3
吻,吻,ven3
擱,搁,gah7
梨,梨,li2
櫻,樱,ien1
熬,熬,ngo2
奠,奠,tin6
姨,姨,i2
乒,乒,pien1
惕,惕,tieh7
聘,聘,pien5
鄆,郓,yen6
冀,冀,ji5
綁,绑,ban3
咖,咖,ka1
咖,咖,ga1
尉,尉,vei5
尉,尉,yeh7
裹,裹,gu3
酥,酥,sv1
寡,寡,gua3
彥,彦,in6
啡,啡,fei1
稠,稠,cheu2
拼,拼,pien1
擅,擅,sin6
汝,汝,rv3
汰,汰,tae5
蚌,蚌,pon6
鈍,钝,ten6
銹,锈,xiu5
捆,捆,kuen3
敞,敞,chan3
遜,逊,suen5
雀,雀,jiah7
雀,雀,qiah7
棟,栋,don5
謹,谨,jien3
鯉,鲤,li3
咳,咳,keh7
咳,咳,hae2
咳,咳,hae1
搏,搏,bah7
葫,葫,hv2
賄,贿,huei5
賄,贿,huei3
鱗,鳞,lien2
占,占,zin1
塌,塌,taeh7
忉,忉,do1
謊,谎,huan3
咋,咋,zha5
怖,怖,bv5
戊,戊,meu6
桔,桔,jih7
膩,腻,ni6
龜,龟,guei1
龜,龟,jyen1
龜,龟,jiu1
嘻,嘻,xi1
墳,坟,fen2
墳,坟,fen6
禾,禾,hu2
坎,坎,kun3
拇,拇,mu3
摻,掺,chaen1
摻,掺,shaen3
摻,掺,shaen1
摻,掺,caen5
煽,煽,sin1
獅,狮,shr1
寇,寇,keu5
梗,梗,gen3
鷹,鹰,ien1
哄,哄,hon3
哄,哄,hon1
胳,胳,gaeh7
莽,莽,man3
雯,雯,ven2
傻,傻,sha3
喻,喻,y6
坪,坪,pien2
淵,渊,iun1
糠,糠,kan1
涅,涅,nih8
跪,跪,kuei6
釗,钊,zho1
侮,侮,vv3
奕,奕,ieh8
枕,枕,zhen3
枕,枕,zhen5
膛,膛,tan2
蕊,蕊,ruei3
蕊,蕊,lv3
譬,譬,pi5
兌,兑,tuei6
寥,寥,lio2
扼,扼,ngeh7
辮,辫,pin6
腥,腥,xien1
郝,郝,hah7
戍,戍,shv5
耦,耦,ngeu3
蹄,蹄,ti2
鈞,钧,jyen1
匈,匈,xion1
屁,屁,pi5
戥,戥,den3
樁,桩,zhuan1
瞿,瞿,qy2
瞿,瞿,jy5
誦,诵,son6
倦,倦,qiun6
嶼,屿,qy6
抒,抒,shv1
涵,涵,hun2
袍,袍,po2
釣,钓,dio5
嗣,嗣,cz2
嗣,嗣,cz6
忿,忿,fen5
敷,敷,fv1
湜,湜,sheh8
聊,聊,lio2
虹,虹,hon2
虹,虹,gan5
蹈,蹈,to6
鹹,咸,haen2
姬,姬,ji1
淒,凄,qi1
燦,灿,caen5
狡,狡,jio3
糙,糙,co5
蹬,蹬,den1
僧,僧,sen1
嗨,嗨,hae0
栖,栖,xi1
笨,笨,pen6
辜,辜,gv1
枉,枉,van3
翰,翰,hun6
茨,茨,cz2
諷,讽,fon5
呱,呱,gv1
岐,岐,qi2
嶄,崭,zhaen3
棗,枣,zo3
咕,咕,gv1
攬,揽,laen3
洶,汹,xion1
澇,涝,lo6
焚,焚,fen2
猴,猴,heu2
耍,耍,shua3
趟,趟,tan5
傍,傍,pan6
劈,劈,pieh7
爵,爵,jiah7
璋,璋,zhan1
虜,虏,lv3
鍍,镀,tv6
昔,昔,xieh7
瞅,瞅,cheu3
踩,踩,cae3
迄,迄,xieh7
鑰,钥,iah8
汞,汞,gon3
祺,祺,qi2
詭,诡,guei3
魄,魄,poh7
魄,魄,tah7
嘲,嘲,cho2
嘲,嘲,zho1
惶,惶,huan2
贓,赃,zan1
咐,咐,fv5
歉,歉,qin5
癌,癌,ngaen2
廬,庐,lv2
扳,扳,baen1
聶,聂,nih8
芡,芡,qin5
軀,躯,qy1
鄙,鄙,bi3
擰,拧,nien2
煌,煌,huan2
襄,襄,xian1
貶,贬,bin3
隋,隋,cuei2
佑,佑,iu6
寵,宠,chon3
懶,懒,laen3
栓,栓,shuaen1
滇,滇,din1
炊,炊,chuei1
謇,謇,jin3
憾,憾,hun6
裙,裙,qyen2
贛,赣,gun5
贛,赣,gon5
駱,骆,lah8
兜,兜,deu1
孵,孵,pv1
曝,曝,poh8
泣,泣,qieh7
猖,猖,chan1
痼,痼,gv5
盥,盥,gun5
絮,絮,xy5
韻,韵,yen6
噢,噢,y3
噢,噢,o0
曠,旷,kuan5
洴,洴,pien2
盞,盏,zhaen3
眷,眷,jiun5
茄,茄,qia2
暮,暮,mu6
榴,榴,leu2
淆,淆,xio2
濺,溅,jin5
煎,煎,jin1
琪,琪,qi2
鰲,鳌,ngo2
乞,乞,qieh7
吼,吼,heu3
唧,唧,jieh7
噠,哒,taeh8
巢,巢,cho2
槐,槐,huae2
沛,沛,pei5
蜇,蜇,zih7
蜀,蜀,shoh8
賺,赚,chaen6
陛,陛,pi6
冪,幂,mieh8
咒,咒,zheu5
堯,尧,io2
捍,捍,hun6
昇,升,shen1
鉸,铰,go3
叮,叮,dien1
煥,焕,hun5
煞,煞,shaeh7
耽,耽,dun1
褂,褂,gua5
募,募,mu6
揀,拣,gaen3
搓,搓,cu1
淹,淹,ngaen1
釜,釜,fv3
鉻,铬,geh7
雹,雹,pah8
灼,灼,zhah7
瑰,瑰,guei1
鄒,邹,zheu1
鰱,鲢,lin2
嬌,娇,jio1
彰,彰,zhan1
焉,焉,in1
荐,荐,qin6
躬,躬,gon1
匙,匙,chr2
咯,咯,lah8
庶,庶,shv5
惹,惹,ra3
淪,沦,len2
琳,琳,lien2
畔,畔,pun5
蛤,蛤,guh7
蛤,蛤,huh8
鶴,鹤,hah8
斃,毙,pi6
漬,渍,cz6
皖,皖,un3
禹,禹,y3
邢,邢,xien2
卒,卒,zueh7
卒,卒,cueh7
庵,庵,un1
淫,淫,ien2
竄,窜,cun5
繃,绷,bon1
翹,翘,qio2
翹,翘,qio5
簞,箪,daen1
陌,陌,moh8
兇,凶,xion1
巫,巫,fv2
柜,柜,jy3
玫,玫,mei2
膊,膊,bah7
韃,鞑,taeh7
拂,拂,feh7
瀾,澜,laen2
瀾,澜,laen6
綏,绥,suei1
蕉,蕉,jio1
贖,赎,shoh8
雇,雇,gv5
囪,囱,con1
寅,寅,ien2
稚,稚,chr6
縷,缕,ly3
賭,赌,dv3
躁,躁,zo5
鋤,锄,chv2
頰,颊,jih7
庚,庚,gen1
氦,氦,hae6
珊,珊,shaen1
苟,苟,geu3
薦,荐,jin5
蛭,蛭,zheh7
蛻,蜕,tuei5
蛻,蜕,tuh7
酌,酌,zhah7
魁,魁,kuei2
撇,撇,pih7
朕,朕,chen6
燾,焘,to2
蔓,蔓,mun2
蔓,蔓,mun6
豌,豌,un1
逗,逗,teu6
閨,闺,guei1
佃,佃,tin2
佃,佃,tin6
侄,侄,cheh8
桅,桅,vei2
熒,荧,ien2
緝,缉,qieh7
襟,襟,jien1
鎳,镍,nih8
乍,乍,cha6
噯,嗳,ngae5
娶,娶,qy3
洒,洒,sa3
聳,耸,son3
飪,饪,ren6
唸,念,nin6
囂,嚣,xio1
瀑,瀑,po6
瀑,瀑,poh8
痴,痴,chr1
筐,筐,kuan1
裳,裳,shan2
靖,靖,qien6
靶,靶,ba3
韶,韶,sho2
崔,崔,cuei1
崔,崔,cuei2
繭,茧,jin3
蓿,蓿,soh7
鎔,镕,ion2
剿,剿,jio3
喃,喃,naen2
娥,娥,ngu2
岔,岔,cha5
搪,搪,tan2
撮,撮,zuh7
撮,撮,cuh7
氘,氘,do1
雍,雍,ion1
霖,霖,lien2
撰,撰,chun6
粥,粥,zhoh7
粥,粥,ioh8
虫,虫,huei3
吱,吱,zhr1
慷,慷,kan1
檐,檐,in2
琦,琦,qi2
莉,莉,li6
襪,袜,vaeh8
豹,豹,bo5
赦,赦,sha5
邑,邑,ieh7
闢,辟,pieh7
駿,骏,jyen5
凳,凳,den5
喧,喧,xiun1
媚,媚,mi6
媚,媚,mei6
挾,挟,xih8
晤,晤,vv6
睹,睹,dv3
籲,吁,y6
舵,舵,tu6
隘,隘,ngae5
雁,雁,ngaen6
鰓,鳃,sae1
俞,俞,y2
嚼,嚼,qiah8
愣,愣,len6
揪,揪,jiu1
樺,桦,hua6
澧,澧,li3
蠢,蠢,chuen3
唆,唆,su1
噶,噶,guh7
弛,弛,chr3
懈,懈,xiae5
懈,懈,hae6
澗,涧,gaen5
絹,绢,jiun5
薪,薪,xien1
寞,寞,mah8
憎,憎,zen1
戎,戎,ron2
氈,毡,zin1
沼,沼,zho3
眨,眨,zhaeh7
磺,磺,huan2
鈕,钮,neu3
鑼,锣,lu2
傭,佣,ion2
奢,奢,sha1
矯,矫,jio3
腎,肾,shen6
薛,薛,xiuh7
丞,丞,chen2
巍,巍,vei2
橙,橙,chen2
澀,涩,seh7
疙,疙,geh7
碌,碌,loh8
脯,脯,pv2
脯,脯,pv3
蠅,蝇,ien2
髓,髓,suei3
髓,髓,xyen3
鮑,鲍,po6
厄,厄,ngeh7
嘎,嘎,gaeh7
宛,宛,un3
宛,宛,iun3
宛,宛,iun1
淤,淤,y1
畸,畸,ji1
砝,砝,faeh7
磅,磅,pan2
磅,磅,pan6
簇,簇,coh7
羥,羟,qian3
羥,羟,ken1
荔,荔,li6
蕾,蕾,luei3
蕾,蕾,luei2
虐,虐,niah8
逾,逾,y2
姊,姊,zz3
斧,斧,fv3
烙,烙,lah8
狄,狄,tieh8
蚜,蚜,nga2
喳,喳,zha1
垠,垠,ien2
帘,帘,lin2
斌,斌,bien1
棺,棺,gun1
棺,棺,gun5
瑣,琐,su3
瞞,瞒,mun2
筏,筏,faeh8
騾,骡,lu2
鴕,鸵,tu2
囚,囚,qiu2
惰,惰,tu6
昧,昧,mei6
昧,昧,mi6
殳,殳,chv2
爍,烁,shah7
祇,祇,qi2
窒,窒,zheh7
窒,窒,dih7
僻,僻,pieh7
啼,啼,ti2
坤,坤,kuen1
婷,婷,tien2
怯,怯,qih7
晌,晌,shan3
楣,楣,mi2
鎊,镑,ban5
黔,黔,qin2
丫,丫,nga1
丫,丫,ia1
崧,嵩,son1
怔,怔,zhen1
晾,晾,lian6
棘,棘,jieh7
泮,泮,pun5
溯,溯,sv5
瀉,泻,xia5
睦,睦,moh8
窺,窥,kuei1
蜡,蜡,cha6
陋,陋,leu6
吶,呐,naeh8
噓,嘘,xy1
墩,墩,den1
悢,悢,lian6
蕕,莸,iu2
釁,衅,xien5
麓,麓,loh8
唔,唔,vv2
嗜,嗜,shr6
墜,坠,chuei6
孰,孰,shoh8
屜,屉,ti5
慾,欲,ioh8
旭,旭,xioh7
梆,梆,ban1
瑟,瑟,seh7
眯,眯,mi1
眯,眯,mi3
臧,臧,zan1
菇,菇,gv1
饁,馌,ih8
剔,剔,tieh7
寢,寝,qien3
峨,峨,ngu2
炔,炔,qiuh7
炔,炔,guei5
熾,炽,chr5
琤,琤,chen1
瑾,瑾,jien3
簾,帘,lin2
肋,肋,leh8
肘,肘,zheu3
臺,台,tae2
蛹,蛹,ion3
鞍,鞍,un1
鹼,碱,gaen3
鹼,碱,jiaen3
嗅,嗅,xiu5
婿,婿,xy5
孜,孜,zz1
楞,楞,len2
涯,涯,ia2
癢,痒,ian3
禎,祯,zhen1
禪,禅,cin2
禪,禅,sin6
羨,羡,xin6
蝨,虱,sheh7
醞,酝,yen5
伎,伎,qi6
宵,宵,xio1
峭,峭,qio5
朴,朴,pah7
朴,朴,pah8
楓,枫,fon1
熹,熹,xi1
蚊,蚊,ven2
蝶,蝶,tih8
驢,驴,ly2
丑,丑,cheu3
噬,噬,shr6
夥,伙,hu3
庇,庇,bi5
永,永,ion3
杖,杖,chan6
牡,牡,mu3
稽,稽,ji1
稽,稽,qi3
蔚,蔚,vei5
蔚,蔚,yeh7
逞,逞,chen3
鞠,鞠,jioh7
餃,饺,jio3
馴,驯,qyen2
馴,驯,xyen5
吭,吭,han2
吭,吭,ken1
栩,栩,xy3
犬,犬,qiun3
皿,皿,mien3
硼,硼,pon2
硼,硼,pon1
竺,竺,zhoh7
羧,羧,su1
羧,羧,zuei1
訝,讶,ia6
詠,咏,ion3
訶,诃,hu1
鞘,鞘,qio5
鞘,鞘,sho1
垢,垢,geu5
妖,妖,io1
攫,攫,jiah7
歹,歹,dae3
碉,碉,dio1
磕,磕,kuh7
豁,豁,huh7
豁,豁,huaeh7
鏵,铧,hua2
阮,阮,run3
飀,飗,leu2
傀,傀,kuei3
傀,傀,guei1
凰,凰,huan2
咧,咧,lae3
啤,啤,pi2
廙,廙,i6
楷,楷,kae3
楷,楷,gae1
渤,渤,peh8
熏,熏,xyen1
聾,聋,lon2
閔,闵,mien3
彝,彝,i2
斂,敛,lin3
朔,朔,shuah7
淌,淌,tan3
瞻,瞻,zin1
禦,御,y6
綴,缀,zhuei5
緞,缎,tun6
軒,轩,xiun1
併,并,bien5
儡,儡,luei3
墮,堕,tu6
憓,憓,huei6
抨,抨,pon1
摯,挚,zhr5
汀,汀,tien1
瀆,渎,toh8
稟,禀,bien3
筷,筷,kuae5
蒴,蒴,shuah7
蟹,蟹,hae3
詫,诧,cha5
赳,赳,jiu1
陀,陀,tu2
峒,峒,ton2
峒,峒,ton6
紉,纫,ren6
蕪,芜,vv2
謁,谒,ih7
券,券,qiun5
哉,哉,zae1
嗚,呜,vv1
扞,扞,hun6
漓,漓,li2
碾,碾,nin3
禿,秃,toh7
茸,茸,ron2
蔔,卜,poh8
跋,跋,paeh8
迂,迂,y1
銼,锉,cu5
駝,驼,tu2
俠,侠,xiaeh8
嘿,嘿,heh7
崎,崎,qi2
恫,恫,ton1
恫,恫,ton6
摹,摹,mu2
檬,檬,mon2
檸,柠,nien2
誅,诛,zhv1
躅,躅,choh8
醚,醚,mi2
餡,馅,haen6
魅,魅,mi6
魅,魅,mei6
魑,魑,chr1
伺,伺,sz5
伺,伺,cz5
唾,唾,tu5
幢,幢,chuan2
幢,幢,chuan6
戔,戋,jin1
槳,桨,jian3
瑯,琅,lan2
穫,获,huah8
箋,笺,jin1
苓,苓,lien2
茯,茯,foh8
謎,谜,mi2
鈦,钛,tae5
鋰,锂,li3
柿,柿,chr6
柿,柿,shr6
楠,楠,nun2
毓,毓,ioh8
涕,涕,ti5
渭,渭,vei6
炯,炯,jion3
茵,茵,ien1
襖,袄,ngo3
逛,逛,guan5
霄,霄,xio1
劾,劾,heh8
娛,娱,y2
洽,洽,qiaeh7
湝,湝,gae1
眶,眶,kuan1
箍,箍,gv1
胥,胥,xy1
鈷,钴,gv3
鉑,铂,poh8
嚙,啮,nih8
妝,妆,zhuan1
慚,惭,caen2
拈,拈,nin1
棠,棠,tan2
氬,氩,ia5
硒,硒,xi1
蓀,荪,suen1
蘸,蘸,zhaen5
袱,袱,foh8
鋇,钡,bei5
乖,乖,guae1
嘯,啸,xio5
奎,奎,kuei2
娟,娟,jiun1
巰,巯,qiu2
帖,帖,tih7
彤,彤,ton2
戳,戳,chuah7
滍,滍,chr6
禺,禺,y2
禺,禺,y6
籮,箩,lu2
紊,紊,ven6
羿,羿,i6
芋,芋,y6
裘,裘,qiu2
諱,讳,huei5
謗,谤,ban5
尹,尹,ien3
渺,渺,mio3
澈,澈,cih8
箏,筝,zhen1
篤,笃,doh7
簿,簿,pv6
鯽,鲫,jieh7
鯨,鲸,jien1
鯨,鲸,qien2
吆,吆,io1
哺,哺,pv3
啃,啃,ken3
埠,埠,pv6
栗,栗,lieh8
汾,汾,fen2
猾,猾,huaeh8
碩,硕,sheh8
託,托,tah7
鮒,鲋,fv6
岑,岑,chen2
峙,峙,chr6
庤,庤,chr6
廖,廖,lio6
徘,徘,pei2
榆,榆,y2
氡,氡,don1
湍,湍,tun1
潺,潺,chaen2
琢,琢,zhuah7
砧,砧,zhen1
莎,莎,sha1
莎,莎,su1
踱,踱,tah8
錮,锢,gv5
閻,阎,in2
阜,阜,fv5
隧,隧,cuei6
魷,鱿,iu2
嘶,嘶,sz1
妮,妮,ni2
捂,捂,vv3
毆,殴,ngeu1
汆,汆,cun1
筘,筘,keu5
苔,苔,tae2
苔,苔,tae1
刪,删,shaen1
喓,喓,io1
圭,圭,guei1
捄,捄,jy1
捄,捄,qiu2
殆,殆,tae6
熨,熨,yen6
熨,熨,yeh7
眺,眺,tio5
睾,睾,go1
侈,侈,chr3
侶,侣,ly3
垛,垛,du3
垛,垛,tu6
恍,恍,huan3
湛,湛,chaen6
湛,湛,dun1
湛,湛,chen2
甄,甄,zhen1
稜,棱,len2
羲,羲,xi1
翊,翊,ieh8
芹,芹,qien2
鉬,钼,moh8
匿,匿,nieh8
恃,恃,shr6
恃,恃,chr2
戩,戬,jin3
殃,殃,ian1
毋,毋,vv2
灤,滦,lun2
狐,狐,hv2
竣,竣,jyen5
舜,舜,shuen5
荀,荀,xyen1
訣,诀,jiuh7
諄,谆,zhuen1
餞,饯,qin6
鬱,郁,yeh7
剁,剁,du5
叩,叩,keu5
婉,婉,un3
婉,婉,iun3
憩,憩,qi5
朦,朦,mon2
樟,樟,zhan1
氚,氚,chun1
淬,淬,cuei5
窟,窟,kueh7
詹,詹,zin1
亨,亨,hen1
咚,咚,don1
嗽,嗽,seu5
圜,圜,kuaen2
圜,圜,iun2
壑,壑,hah7
崽,崽,zae3
滄,沧,can1
澡,澡,zo3
痢,痢,li6
癱,瘫,taen1
碟,碟,tih8
葵,葵,kuei2
覓,觅,mieh8
逶,逶,vei1
靴,靴,xya1
頽,颓,tuei2
飴,饴,i2
駭,骇,hae6
嘰,叽,ji1
嚨,咙,lon2
廿,廿,nin6
朧,胧,lon2
沁,沁,qien5
焯,焯,chah7
翩,翩,pin1
腮,腮,sae1
膿,脓,non2
薇,薇,vei2
蝸,蜗,va3
蝸,蜗,gua1
蝸,蜗,u1
褘,袆,huei1
觜,觜,zz1
觜,觜,zuei3
誹,诽,fei3
邱,邱,qiu1
馱,驮,tu2
馱,驮,tu6
驛,驿,ieh8
埂,埂,gen3
奄,奄,in3
彙,汇,huei6
怡,怡,i2
椰,椰,ia2
浚,浚,jyen5
焙,焙,pei6
焙,焙,pi6
猩,猩,xien1
痒,痒,ian2
礬,矾,faen2
絢,绚,xiun5
耑,端,dun1
耑,端,zhun1
膳,膳,sin6
褥,褥,roh8
褶,褶,tih8
褶,褶,zih7
褶,褶,qieh8
諫,谏,jiaen5
諫,谏,gaen5
鍔,锷,ngah8
鏽,锈,xiu5
颱,台,tae2
匝,匝,zaeh7
呃,呃,ngeh7
嵐,岚,lun2
廁,厕,ceh7
彬,彬,bien1
恣,恣,zz5
戮,戮,loh8
撼,撼,hun6
椿,椿,chuen1
樊,樊,faen2
沂,沂,i2
淳,淳,shuen2
狽,狈,bei5
竅,窍,qio5
綽,绰,chah7
褙,褙,bei5
蹦,蹦,bon5
髯,髯,rin2
卉,卉,huei5
幀,帧,zhen5
瑛,瑛,ien1
綺,绮,qi3
菩,菩,pv2
萱,萱,xiun1
闓,闿,kae3
呻,呻,shen1
堰,堰,in5
妓,妓,qi6
娣,娣,ti6
嬉,嬉,xi1
徭,徭,io2
掂,掂,din1
揩,揩,kae1
擒,擒,qien2
攘,攘,ran3
攘,攘,ran2
檻,槛,kaen3
檻,槛,haen6
莢,荚,gaeh7
蚓,蚓,ien3
蚯,蚯,qiu1
趾,趾,zhr3
趾,趾,zheh7
酐,酐,gun1
銻,锑,ti1
頲,颋,tien3
飢,饥,ji1
龔,龚,gon1
兢,兢,jien1
嘔,呕,ngeu3
夭,夭,io1
夭,夭,io3
夭,夭,ngo3
摟,搂,leu3
摟,搂,leu2
斟,斟,zhen1
曙,曙,shv6
札,札,zhaeh7
枷,枷,ga1
枷,枷,jia1
殯,殡,bien5
祀,祀,sz6
穜,穜,ton2
粕,粕,pah7
苞,苞,bo1
菠,菠,bu1
蝴,蝴,hv2
螞,蚂,ma3
蠕,蠕,rv2
褪,褪,ten5
詒,诒,i2
踽,踽,jy3
鍊,炼,lin6
鎢,钨,vv1
閹,阉,in1
饅,馒,mun2
髡,髡,kuen1
魴,鲂,fan2
冉,冉,rin3
冥,冥,mien2
妾,妾,qih7
尬,尬,ga5
尷,尴,gaen1
惺,惺,xien1
捎,捎,sho1
攙,搀,chaen1
櫥,橱,chv2
泗,泗,sz5
疵,疵,cz2
祈,祈,qi2
葦,苇,vei3
謚,谥,shr6
佣,佣,ion6
倔,倔,qyeh8
孚,孚,fv1
幌,幌,huan3
恕,恕,shv5
撬,撬,qio5
榕,榕,ion2
洼,洼,va1
洼,洼,guei1
浬,浬,li3
浥,浥,ieh7
礫,砾,lieh8
穢,秽,vei5
窿,窿,lon2
襠,裆,dan1
凜,凛,lien3
厥,厥,jiuh7
吩,吩,fen1
壕,壕,ho2
拷,拷,ko3
璇,璇,xiun2
祠,祠,cz2
祚,祚,cu6
荸,荸,peh8
詛,诅,zv5
賂,赂,lv6
佼,佼,jio3
佼,佼,go3
叨,叨,do1
叨,叨,to1
懾,慑,zih7
揣,揣,chuae3
暇,暇,xia2
湃,湃,pae5
牟,牟,meu2
磋,磋,cu1
粟,粟,soh7
糜,糜,mi2
羈,羁,ji1
肱,肱,gon1
踶,踶,ti6
踶,踶,chr6
迤,迤,i3
迤,迤,i2
鵑,鹃,jiun1
嫉,嫉,qieh8
嬤,嬷,ma3
嬤,嬷,mu3
悍,悍,hun6
撩,撩,lio2
撩,撩,lio1
晦,晦,huei5
烽,烽,fon1
矸,矸,gun1
矸,矸,gun5
矸,矸,hun6
碲,碲,di5
箕,箕,ji1
肇,肇,cho6
臻,臻,zhen1
訾,訾,zz1
訾,訾,zz3
踞,踞,jy5
颳,刮,guaeh7
俟,俟,shr6
俟,俟,qi2
匣,匣,haeh8
嗦,嗦,ssu1
嘀,嘀,dieh7
嘈,嘈,co2
屎,屎,shr3
屎,屎,xi1
帷,帷,vei2
忱,忱,chen2
捶,捶,chuei2
槭,槭,zoh7
洩,泄,i6
洩,泄,xih7
涌,涌,ion3
漪,漪,i1
獗,獗,jiuh7
琉,琉,leu2
瑚,瑚,hv2
瘠,瘠,qieh8
笈,笈,qieh8
虞,虞,y2
輾,辗,zin3
轆,辘,loh8
餚,肴,xio2
嗡,嗡,on1
垣,垣,iun2
婢,婢,pi6
嶇,岖,qy1
拙,拙,zhuh7
杲,杲,go3
汕,汕,shaen5
潼,潼,ton2
𣝗,核,hueh8
瀕,濒,bien1
瘟,瘟,ven1
禧,禧,xi3
綾,绫,lien2
苑,苑,iun5
藹,蔼,ngae3
蛙,蛙,va1
譏,讥,ji1
軻,轲,ku1
輒,辄,zih7
迸,迸,bon5
酏,酏,i2
靡,靡,mi3
鴿,鸽,guh7
凋,凋,dio1
坳,坳,ngo5
墟,墟,xy1
墟,墟,qy1
恝,恝,gaeh7
缽,钵,buh7
舖,铺,pv5
舖,铺,pv1
范,范,faen6
茉,茉,muh8
遏,遏,uh7
闕,阙,qiuh7
鰭,鳍,qi2
咪,咪,mi2
咪,咪,mi3
嗶,哔,bieh7
娜,娜,nu2
娜,娜,na6
嫻,娴,xiaen2
嫻,娴,haen2
憋,憋,bih7
拯,拯,zhen3
柑,柑,gun1
檀,檀,taen2
氖,氖,nae3
淩,凌,lien2
漕,漕,co2
澎,澎,pon2
澎,澎,pon1
炬,炬,qy6
瘩,瘩,daeh7
砉,砉,hoh7
砉,砉,xyeh7
耆,耆,qi2
腌,腌,in1
蟻,蚁,i3
詆,诋,di3
諺,谚,in6
軹,轵,zhr3
鍥,锲,qih7
閏,闰,ruen6
馨,馨,xien1
冕,冕,min3
劓,劓,i6
复,复,foh8
峪,峪,ioh8
帚,帚,zheu3
弼,弼,pieh8
拭,拭,sheh7
瀋,沈,shen3
禱,祷,do3
筵,筵,in2
羹,羹,gen1
薔,蔷,qian2
薔,蔷,seh7
裔,裔,i6
軛,轭,ngeh7
奚,奚,qi2
弘,弘,hon2
楦,楦,xiun5
檽,檽,neu6
檽,檽,run3
檽,檽,rv2
甥,甥,shen1
瘡,疮,chuan1
簸,簸,bu3
簸,簸,bu5
絆,绊,bun5
綻,绽,chaen6
蜓,蜓,tien2
諜,谍,tih8
躊,踌,cheu2
迥,迥,jion3
銑,铣,xin3
伽,伽,ga1
伽,伽,qia2
婪,婪,lun2
恤,恤,xyeh7
棧,栈,chaen6
汲,汲,jieh7
燉,炖,den5
甭,甭,bae5
窘,窘,jion3
芻,刍,chv1
蕃,蕃,faen2
蕃,蕃,faen1
覲,觐,qien6
輜,辎,zhr1
酋,酋,qiu2
飭,饬,cheh7
驥,骥,ji5
骼,骼,geh7
佇,伫,chv6
倪,倪,ni2
刁,刁,dio1
卣,卣,iu3
哮,哮,xio5
垃,垃,la1
嫣,嫣,in1
懿,懿,i5
沭,沭,shueh8
瞥,瞥,pih7
籬,篱,li2
縐,绉,zheu5
萋,萋,qi1
菡,菡,hun6
蚵,蚵,hu2
鐳,镭,luei2
霎,霎,shaeh7
侉,侉,kua3
俾,俾,bi3
匾,匾,bin3
咀,咀,jy3
嘟,嘟,dv1
噗,噗,poh7
圾,圾,jieh7
嫡,嫡,dieh7
忡,忡,chon1
悸,悸,qi6
愷,恺,kae3
懊,懊,ngo5
檄,檄,xieh8
洄,洄,huei2
猿,猿,iun2
畿,畿,ji1
疤,疤,ba1
皚,皑,ngae2
祆,祆,xin1
耘,耘,yen2
茗,茗,mien2
茗,茗,mien3
蜿,蜿,un1
誡,诫,jiae5
誡,诫,gae5
謨,谟,mu2
轂,毂,goh7
頤,颐,i2
佘,畲,sha2
俏,俏,qio5
夔,夔,kuei2
妒,妒,dv5
妞,妞,neu1
巔,巅,din1
懋,懋,meu6
攢,攒,zaen3
攢,攒,cun2
梧,梧,vv2
樀,樀,dieh7
汶,汶,men2
汶,汶,ven6
矽,硅,xieh7
窪,洼,va1
窪,洼,va5
篝,篝,geu1
繚,缭,lio2
荃,荃,qiun2
蠹,蠹,dv5
踉,踉,lian2
踉,踉,lian6
遁,遁,ten6
銬,铐,ko5
鎌,鎌,lin2
鐮,镰,lin2
鬢,鬓,bien5
鰻,鳗,mun2
嗒,嗒,daeh7
嗒,嗒,taeh7
嚕,噜,lv1
夸,夸,kua1
屹,屹,ieh8
怠,怠,tae6
斡,斡,uh7
楨,桢,zhen1
瀟,潇,xio2
瑤,瑶,io2
瞄,瞄,mio2
舷,舷,xin2
芭,芭,ba1
蘑,蘑,mu2
蛛,蛛,zhv1
酪,酪,lah8
鎬,镐,go3
鎬,镐,ho6
隴,陇,lon3
僥,侥,jio3
僥,侥,io2
匕,匕,bi3
啪,啪,poh7
夯,夯,han1
尸,尸,shr1
崆,崆,kon1
帛,帛,poh8
徊,徊,huei2
悒,悒,ieh7
愕,愕,ngah8
憨,憨,hun1
曳,曳,i6
曳,曳,ih8
槓,杠,gan5
淇,淇,qi2
痹,痹,bi5
竇,窦,teu6
訥,讷,neh8
贄,贽,zhr5
躇,躇,chv2
迦,迦,ga1
遽,遽,qy6
魛,鱽,do1
卅,卅,saeh7
囤,囤,ten6
嬴,嬴,ien2
焓,焓,hun2
煸,煸,bin1
燮,燮,xih7
瑩,莹,ien2
砰,砰,pon1
稭,秸,gae1
箐,箐,jien1
箐,箐,qien5
翟,翟,cheh8
翟,翟,tieh8
胭,胭,in1
舀,舀,io3
舐,舐,chr6
舐,舐,chr2
葆,葆,bo3
蛟,蛟,go1
蛟,蛟,jio1
跐,跐,cz1
跐,跐,cz3
踴,踊,ion3
雉,雉,chr6
黯,黯,ngaen5
哆,哆,du1
弁,弁,pin6
弁,弁,pun2
弋,弋,ieh8
彷,彷,pan2
彷,彷,fan3
悵,怅,chan5
檜,桧,guei5
檜,桧,huei6
涇,泾,jien1
渝,渝,y2
漱,漱,shv5
灝,灏,ho6
瘓,痪,hun6
箔,箔,pah8
芙,芙,fv2
芥,芥,gae5
螢,萤,ien2
觥,觥,gon1
顱,颅,lv2
嗆,呛,qian1
嘖,啧,zeh7
孽,孽,nih8
弈,弈,ieh8
惋,惋,un3
惦,惦,din5
淞,淞,son1
漩,漩,xiun2
犀,犀,xi1
珮,佩,pei6
眩,眩,xiun6
簍,篓,leu3
繽,缤,bien1
腋,腋,ieh8
腑,腑,fv3
萃,萃,cuei6
袒,袒,taen3
隅,隅,y2
韭,韭,jiu3
髖,髋,kun1
黝,黝,iu3
劊,刽,guei5
吠,吠,fei6
嘮,唠,lo2
惴,惴,zhuei5
攆,撵,nin3
斛,斛,hoh8
暉,晖,huei1
毗,毗,pi2
渲,渲,xiun5
溮,浉,shr1
炙,炙,zheh7
燎,燎,lio2
瓘,瓘,gun5
矗,矗,choh7
稷,稷,jieh7
筠,筠,yen2
粽,粽,zon5
翬,翚,huei1
臆,臆,ieh7
茁,茁,zhuh7
茴,茴,huei2
菴,庵,un1
蒿,蒿,ho1
貽,贻,i2
蹠,跖,zheh7
酉,酉,iu3
黍,黍,shv3
仕,仕,shr6
仕,仕,chr6
伶,伶,lien2
卯,卯,mo3
唬,唬,hv3
噫,噫,ngae5
噫,噫,i1
巒,峦,lun2
彊,强,qian2
彊,强,qian3
彊,强,qian6
慟,恸,ton6
曨,昽,lon2
橄,橄,gun3
檯,台,tae2
殉,殉,qyen6
沅,沅,iun2
溥,溥,pv3
漾,漾,ian6
畦,畦,qi2
癟,瘪,bih7
眈,眈,dun1
磊,磊,luei3
繹,绎,ieh8
胱,胱,guan1
蟈,蝈,goh7
跺,跺,du5
鍬,锹,qio1
鐺,铛,dan1
鐺,铛,chen1
馭,驭,y6
黷,黩,toh8
么,幺,io1
佯,佯,ian2
剃,剃,ti5
剄,刭,jien3
咆,咆,po2
懦,懦,nu6
懨,恹,in1
揌,揌,sae1
撿,捡,jin3
梓,梓,zz3
涂,涂,tv2
漉,漉,loh8
濘,泞,nien6
濛,蒙,mon2
瀏,浏,leu2
痞,痞,pi3
盅,盅,zhon1
簦,簦,den1
纂,纂,zun3
虔,虔,qin2
諢,诨,huen6
驀,蓦,moh8
倭,倭,u1
倭,倭,u3
倭,倭,vei1
冼,冼,xin3
几,几,ji3
圩,圩,vei2
圩,圩,xy1
壬,壬,ren2
拽,拽,ih8
拽,拽,zhuae5
掐,掐,kaeh7
昶,昶,chan3
榷,榷,qiah7
榷,榷,kah7
溺,溺,nieh8
濂,濂,lin2
猥,猥,vei3
砷,砷,shen1
罃,罃,ien1
罃,罃,ngen1
薊,蓟,ji5
蟆,蟆,ma2
蠡,蠡,li2
蠡,蠡,li3
贅,赘,zhuei5
躑,踯,cheh8
鉅,巨,qy6
佬,佬,lo3
兀,兀,ngeh8
兀,兀,veh8
嘹,嘹,lio2
塾,塾,shoh8
奐,奂,hun5
戟,戟,jieh7
掣,掣,chr5
掣,掣,cih7
擎,擎,qien2
棻,棻,fen1
樵,樵,qio2
漚,沤,ngeu1
漚,沤,ngeu3
灸,灸,jiu3
煨,煨,vei1
盔,盔,kuei1
矇,蒙,mon2
碴,碴,zha1
繕,缮,sin6
臀,臀,ten2
芊,芊,qin1
芸,芸,yen2
荼,荼,tv2
荼,荼,shv1
藕,藕,ngeu3
褒,褒,bo1
覃,覃,tun2
覬,觊,ji5
跼,局,qioh8
蹂,蹂,reu2
蹭,蹭,cen5
逍,逍,xio1
鍺,锗,zha3
鍘,铡,chaeh8
鐐,镣,lio2
鐐,镣,lio6
骸,骸,hae2
鰾,鳔,pio6
亢,亢,kan5
亢,亢,gan1
吮,吮,shuen6
廄,厩,jiu5
廝,厮,sz1
徇,徇,qyen6
憊,惫,pei6
搔,搔,so1
擄,掳,lv3
擂,擂,luei2
擂,擂,luei6
涸,涸,hah8
狩,狩,sheu5
瓢,瓢,pio2
甦,苏,sv1
窨,窨,in5
菖,菖,chan1
酣,酣,hun1
銫,铯,seh7
鐲,镯,chuah8
髦,髦,mo2
仝,仝,ton2
嘍,喽,leu2
恬,恬,tin2
恿,恿,ion3
憧,憧,chon1
憖,慭,in6
捺,捺,naeh8
撂,撂,lio6
撻,挞,taeh7
瀚,瀚,hun6
灩,滟,in6
瑋,玮,vei3
璞,璞,pah7
甬,甬,ion3
瘀,瘀,y1
睫,睫,jih7
瞟,瞟,pio3
砑,砑,nga6
縊,缢,i5
菁,菁,jien1
蓑,蓑,su1
藐,藐,mio3
詼,诙,huei1
鉦,钲,zhen1
鐸,铎,tah8
鑊,镬,huah8
闌,阑,laen2
霹,霹,pieh7
髫,髫,tio2
倌,倌,gun1
匡,匡,kuan1
咎,咎,qiu6
咎,咎,go1
唁,唁,in6
哧,哧,chr1
塈,塈,qi6
塈,塈,xi5
姥,姥,mu3
姥,姥,lo3
孥,孥,nv2
寔,寔,sheh8
崛,崛,qyeh8
惘,惘,van3
掇,掇,duh7
沱,沱,tu2
淙,淙,con2
渙,涣,hun5
盎,盎,ngan5
睬,睬,cae3
肄,肄,i6
裴,裴,pei2
裴,裴,pi2
裱,裱,bio3
詣,诣,i6
赭,赭,zha3
酈,郦,lieh8
錚,铮,zhen1
黥,黥,qien2
偕,偕,hae2
冗,冗,ron3
卦,卦,gua5
哽,哽,gen3
啄,啄,doh7
啄,啄,zhuah7
嗩,唢,su3
坩,坩,gun1
塹,堑,qin5
寰,寰,kuaen2
扦,扦,qin1
挎,挎,kua5
捋,捋,luh8
杞,杞,qi3
杞,杞,ji5
桁,桁,xien2
桁,桁,han2
沐,沐,moh8
澮,浍,kuae5
澮,浍,huei6
燁,烨,ih8
瑜,瑜,y2
瘁,瘁,cuei6
硯,砚,nin6
笠,笠,lieh8
笞,笞,chr1
簫,箫,xio1
紂,纣,cheu6
翡,翡,fei3
脛,胫,jien5
苕,苕,tio2
萼,萼,ngah8
豉,豉,shr6
雰,雰,fen1
鞅,鞅,ian1
鞅,鞅,ian3
鞅,鞅,ian5
鬃,鬃,zon1
鴇,鸨,bo3
黜,黜,chueh7
兮,兮,xi1
兮,兮,xi2
咄,咄,duh7
墅,墅,shv6
憫,悯,mien3
掄,抡,len2
椎,椎,chuei2
椎,椎,zhuei1
橘,橘,jyeh7
淄,淄,zhr1
澦,滪,y6
痙,痉,qien6
磧,碛,qieh7
穄,穄,ji5
穄,穄,ji1
薌,芗,xian1
蛀,蛀,zhv5
蝗,蝗,huan2
誨,诲,huei5
趴,趴,pa1
躡,蹑,nih8
迢,迢,tio2
酗,酗,xy5
釩,钒,faen2
霆,霆,tien2
靛,靛,tin6
餑,饽,peh8
駙,驸,fv6
鵲,鹊,qiah7
亙,亘,gen5
儼,俨,in3
匍,匍,pv2
媛,媛,iun2
媛,媛,iun6
幔,幔,mun6
徨,徨,huan2
慫,怂,son3
憬,憬,jien3
拗,拗,ngo3
拗,拗,ngo5
拗,拗,ioh7
暨,暨,ji5
曦,曦,xi1
桎,桎,zheh7
榔,榔,lan2
榻,榻,taeh7
沽,沽,gv1
瀘,泸,lv2
狸,狸,li2
琵,琵,pi2
琶,琶,pa2
瘍,疡,ian2
皋,皋,go1
篙,篙,go1
粼,粼,lien2
絳,绛,gan5
纍,累,luei2
翎,翎,lien2
舔,舔,tin3
莠,莠,iu3
蛾,蛾,ngu2
衢,衢,qy2
裊,袅,nio3
貰,贳,shr5
轍,辙,cih8
鎵,镓,ga1
鑷,镊,nih8
阡,阡,qin1
韁,缰,jian1
饃,馍,mu2
骯,骯,ngan1
骯,骯,kan3
齎,赍,ji1
丐,丐,gae5
俸,俸,fon6
嚀,咛,nien2
扈,扈,hv6
拮,拮,jih7
掖,掖,ieh8
搾,榨,zha5
晏,晏,ngaen5
暹,暹,xin1
棣,棣,ti6
獰,狞,nien2
痰,痰,taen2
砩,砩,fei5
秫,秫,shueh8
笆,笆,ba1
籤,签,qin1
羌,羌,qian1
蔫,蔫,in1
蘩,蘩,faen2
蟒,蟒,man3
蟬,蝉,cin2
訕,讪,shaen5
贍,赡,sin6
郛,郛,fv1
醪,醪,lo2
饞,馋,shaen2
鯕,鲯,qi2
鵪,鹌,un1
剡,剡,in3
剡,剡,sin6
叼,叼,dio1
咦,咦,i2
唄,呗,pae6
唄,呗,bae0
唑,唑,cu6
坍,坍,taen1
塢,坞,vv5
姽,姽,guei3
彗,彗,huei6
怦,怦,pon1
懣,懑,men6
抿,抿,mien3
攣,挛,lun2
杈,杈,cha1
棲,栖,qi1
棲,栖,xi1
淅,淅,xieh7
瑙,瑙,no3
癖,癖,pieh7
縈,萦,ien2
臃,臃,ion1
訛,讹,u2
諦,谛,di5
邃,邃,suei5
陂,陂,bei1
陂,陂,pi2
陂,陂,pu1
靳,靳,jien5
鶯,莺,ien1
伈,伈,xien3
僨,偾,fen5
卌,卌,xieh7
啁,啁,zho1
啁,啁,zheu1
姍,姗,shaen1
婁,娄,leu2
崑,昆,kuen1
嵊,嵊,shen6
惚,惚,hueh7
揖,揖,ieh7
撟,挢,jio3
棨,棨,qi3
氪,氪,keh7
沘,沘,bi3
湫,湫,jio3
湫,湫,qiu1
湫,湫,jiu1
滎,荥,ien2
燜,焖,men1
猞,猞,sha5
疣,疣,iu2
癮,瘾,ien3
皦,皦,jio3
紜,纭,yen2
纓,缨,ien1
聆,聆,lien2
腆,腆,tin3
臍,脐,qi2
苧,苎,chv6
蜚,蜚,fei1
蜚,蜚,fei3
賡,赓,gen1
醴,醴,li3
鉚,铆,mo3
霓,霓,ni2
霏,霏,fei1
馥,馥,foh8
麂,麂,ji3
俐,俐,li6
倩,倩,qin5
倩,倩,qien5
倖,幸,xien6
嚐,尝,shan2
囡,囡,nun1
寐,寐,mi6
巳,巳,cz6
憚,惮,taen6
揍,揍,zeu5
櫓,橹,lv3
泠,泠,lien2
滀,滀,choh7
濰,潍,vei2
瀌,瀌,bio1
燧,燧,cuei6
甓,甓,pieh8
瞌,瞌,kuh7
矚,瞩,zhoh7
箅,箅,bi5
箅,箅,pi6
翌,翌,ieh8
莧,苋,haen6
蕎,荞,qio2
袞,衮,guen3
褚,褚,chv3
褚,褚,zhv3
貲,赀,zz1
踝,踝,huae2
踵,踵,zhon3
鈺,钰,ioh8
霰,霰,xin5
韜,韬,to1
鰣,鲥,shr2
鳩,鸠,jiu1
鷗,鸥,ngeu1
麈,麈,zhv3
鼾,鼾,hun1
搳,搳,hua2
搳,搳,haeh8
擻,擞,seu3
擻,擞,seu5
敕,敕,cheh7
枸,枸,geu1
枸,枸,geu3
枸,枸,jy3
櫛,栉,zheh7
涫,涫,gun5
湄,湄,mi2
溧,溧,lieh8
潷,滗,bieh7
瑒,玚,chan5
瑒,玚,ian2
癩,癞,lae6
癩,癞,laeh8
篾,篾,mih8
繄,繄,i1
膘,膘,bio1
膺,膺,ien1
蠍,蝎,xih7
貉,貉,hah8
貉,貉,moh8
轢,轹,lieh8
鄱,鄱,pu2
頎,颀,qi2
餒,馁,nuei3
騁,骋,chen3
侃,侃,kun3
噎,噎,ih7
嬋,婵,cin2
屐,屐,qieh8
悝,悝,kuei1
悝,悝,li3
掰,掰,baen1
攥,攥,zun5
晛,晛,xin6
桓,桓,un2
槌,槌,chuei2
檳,槟,bien1
沏,沏,qih7
漣,涟,lin2
燴,烩,huei6
璆,璆,qiu2
瓮,瓮,on5
疚,疚,jiu5
疸,疸,daen3
癭,瘿,ien3
皎,皎,jio3
眸,眸,meu2
礪,砺,li6
繆,缪,mio6
繆,缪,miu6
繆,缪,meu2
芫,芫,in2
芫,芫,iun2
茹,茹,rv2
葷,荤,huen1
蒔,莳,chr6
蒔,莳,shr2
蜘,蜘,zhr1
蜷,蜷,qiun2
蝟,猬,vei6
襌,襌,daen1
觴,觞,shan1
遐,遐,ha2
遐,遐,xia2
邛,邛,qion2
鄺,邝,kuan5
釔,钇,ieh7
銓,铨,qiun2
靂,雳,lieh8
顎,颚,ngah8
駒,驹,jy1
鯪,鲮,lien2
鷲,鹫,qiu6
仞,仞,ren6
儆,儆,jien3
冽,冽,lih8
剌,剌,laeh8
嗟,嗟,jia1
嗤,嗤,chr1
嗔,嗔,chen1
嘜,唛,moh8
惊,惊,jien1
愫,愫,sv5
攸,攸,iu2
敝,敝,pi6
斐,斐,fei3
旻,旻,mien2
桀,桀,qih8
楫,楫,jieh7
櫚,榈,ly2
汐,汐,xieh7
沄,沄,yen2
涎,涎,saen2
滕,滕,ten2
牘,牍,toh8
犢,犊,toh8
玁,玁,xin3
珩,珩,hen2
琛,琛,chen1
瓤,瓤,nan2
祗,祗,zhr1
稞,稞,ku1
糶,粜,tio5
紈,纨,un2
繅,缫,so1
翦,翦,jin3
翯,翯,hah8
胰,胰,i2
蒺,蒺,qieh8
蚣,蚣,gon1
蚕,蚕,cun2
蝙,蝙,bin1
褻,亵,xih7
蹩,蹩,bih7
陲,陲,shuei2
靦,腼,tin3
黛,黛,tae6
冑,冑,cheu6
剞,剞,ji1
剟,剟,duh7
咂,咂,zaeh7
喔,喔,oh7
喙,喙,huei5
噩,噩,ngah8
娼,娼,chan1
庾,庾,y3
忸,忸,neu3
悚,悚,son3
悻,悻,xien6
憮,怃,vv3
挹,挹,ieh7
掬,掬,jioh7
摳,抠,keu1
晁,晁,cho2
梔,栀,zhr1
梟,枭,xio1
汴,汴,pin6
湉,湉,tin2
炫,炫,xiun6
甌,瓯,ngeu1
畋,畋,tin2
磐,磐,pun2
纔,才,cae2
胛,胛,gaeh7
臊,臊,so1
臊,臊,so5
薺,荠,xi6
薺,荠,ji1
蛆,蛆,qy1
蛆,蛆,jy1
蜈,蜈,vv2
註,注,zhv5
諉,诿,vei3
豺,豺,chae2
蹜,蹜,shoh7
轤,轳,lv2
郴,郴,chen1
鐠,镨,pv3
閂,闩,shuaen1
餔,餔,bv1
齶,腭,ngah8
剚,剚,zhr5
咫,咫,zhr3
嗷,嗷,ngo2
娑,娑,su1
幠,幠,hv1
扉,扉,fei1
摒,摒,bien5
汩,汩,gueh7
汩,汩,yeh8
洵,洵,qyen2
涓,涓,jiun1
湋,湋,vei2
潓,潓,huei6
瀛,瀛,ien2
焱,焱,in6
瞑,瞑,mien2
硌,硌,lah8
磴,磴,den5
綌,绤,qieh7
緋,绯,fei1
芍,芍,shah8
芍,芍,qiah7
萵,莴,u1
蕙,蕙,huei6
蠔,蚝,ho2
蠱,蛊,gv3
豢,豢,huaen6
貂,貂,dio1
轅,辕,iun2
鈐,钤,qin2
閡,阂,heh8
驤,骧,xian1
佗,佗,tu2
傣,傣,dae3
勰,勰,xih8
吒,咤,zha5
吝,吝,lin6
呸,呸,pei0
啣,衔,haen2
啾,啾,jiu1
噙,噙,qien2
嚶,嘤,ien1
岱,岱,tae6
嵇,嵇,i2
忖,忖,cuen3
昵,昵,nieh8
沌,沌,ten6
沌,沌,chun6
淶,涞,lae2
漳,漳,zhan1
燼,烬,qien6
爰,爰,iun2
璨,璨,caen5
痊,痊,qiun2
皓,皓,ho6
瞰,瞰,kun5
碫,碫,dun5
祉,祉,zhr3
穀,谷,goh7
窅,窅,io3
粳,粳,gen1
縹,缥,pio3
聿,聿,yeh8
臼,臼,qiu6
蚤,蚤,zo3
蜥,蜥,xieh7
衽,衽,ren6
詁,诂,gv3
誥,诰,go5
郫,郫,pi2
釙,钋,poh7
鉞,钺,iuh8
閭,闾,ly2
黟,黟,i1
鼴,鼹,in3
佚,佚,ieh8
俳,俳,pae2
匐,匐,foh8
嗐,嗐,hae6
孺,孺,rv2
愴,怆,chuan5
拎,拎,lien1
抻,抻,shen5
斝,斝,ga3
杵,杵,chv3
櫟,栎,lieh8
櫟,栎,iah8
泱,泱,ian1
砒,砒,pi1
秕,秕,bi3
簃,簃,i2
紝,纴,ren6
茭,茭,go1
蒐,搜,seu1
藺,蔺,lien6
謳,讴,ngeu1
讒,谗,chaen2
蹙,蹙,zoh7
躪,躏,lien6
邸,邸,di3
郾,郾,in3
鄲,郸,daen1
醣,醣,tan2
鏗,铿,ken1
闞,阚,kun5
闞,阚,haen3
頜,颌,guh7
鱉,鳖,bih7
鱒,鳟,cuen6
亶,亶,daen3
偎,偎,vei1
偁,偁,chen1
剷,铲,chaen3
唷,唷,ioh0
喟,喟,kuei5
嚎,嚎,ho2
媲,媲,pi5
宸,宸,chen2
撅,撅,jiuh7
榭,榭,qia6
歙,歙,sih7
歙,歙,xieh7
沮,沮,jy1
沮,沮,jy3
沮,沮,jy5
沓,沓,taeh8
浠,浠,xi1
渚,渚,zhv3
潦,潦,lio2
潦,潦,lo3
澼,澼,pieh7
熤,熤,ieh8
燻,熏,xyen1
猝,猝,cueh7
玓,玓,dieh7
珂,珂,ku1
璀,璀,cuei3
瓏,珑,lon2
畈,畈,faen5
瘧,疟,niah8
瘢,瘢,baen1
癸,癸,guei3
礡,礡,pah8
祜,祜,hv6
祟,祟,suei5
絀,绌,zhueh7
繇,繇,iu2
繇,繇,cheu6
繇,繇,io2
罔,罔,van3
胯,胯,kua5
芷,芷,zhr3
茜,茜,qin5
蓖,蓖,bin1
蓖,蓖,bi5
軾,轼,sheh7
邯,邯,hun2
釷,钍,tv3
銖,铢,chv2
銖,铢,zhv1
鋯,锆,go5
鍶,锶,sz1
鎧,铠,kae3
鑠,铄,shah7
闔,阖,huh8
鞁,鞁,pi6
韞,韫,yen3
韞,韫,yen5
頷,颔,hun6
饌,馔,chuaen6
鯰,鲶,nin2
鴛,鸳,iun1
鼕,冬,don1
伕,夫,fv1
倜,倜,tieh7
僂,偻,leu2
匱,匮,kuei6
喋,喋,tih8
喋,喋,zhaeh7
喑,喑,ien1
噥,哝,non2
囔,囔,nan2
圳,圳,zhen5
圪,圪,ieh8
奘,奘,zhuan3
奘,奘,can6
妊,妊,ren6
媾,媾,geu5
嵎,嵎,y2
弩,弩,nv3
恙,恙,ian6
悴,悴,cuei6
惆,惆,cheu2
惆,惆,cheu1
愬,愬,sv5
慥,慥,co5
憔,憔,qio2
戡,戡,kun1
拊,拊,fv3
掾,掾,iun6
搐,搐,choh7
撙,撙,zuen3
杳,杳,io3
柞,柞,zha5
柞,柞,zah7
柞,柞,cah8
泓,泓,hon2
涮,涮,shuaen5
淖,淖,no6
滓,滓,zhr3
滁,滁,chv2
瓚,瓒,caen6
痺,痹,bi5
盂,盂,y2
眚,眚,shen3
矜,矜,jien1
矜,矜,qin2
矜,矜,guaen1
碔,碔,vv3
穌,稣,sv1
簌,簌,soh7
緱,缑,geu1
羔,羔,go1
膂,膂,ly3
膾,脍,kuae5
膻,膻,sin1
膻,膻,taen6
藜,藜,li2
蟿,蟿,qi5
襤,褴,laen2
鋏,铗,jih7
鏢,镖,bio1
鑕,锧,zheh7
鑫,鑫,xien1
钁,镢,jiah7
隍,隍,huan2
隈,隈,vei1
靄,霭,ngae3
靼,靼,daeh7
飩,饨,ten2
餛,馄,huen2
鬣,鬣,lih8
亳,亳,pah8
伢,伢,nga2
侏,侏,zhv1
凊,凊,qien5
刈,刈,i6
吋,吋,cuen5
吋,吋,teu6
坨,坨,tu2
塽,塽,shuan3
婺,婺,vv6
岬,岬,jiaeh7
岬,岬,gaeh7
嵬,嵬,vei2
嶝,嶝,den5
忞,忞,mien2
悖,悖,pei6
扊,扊,in3
揆,揆,kuei6
揆,揆,kuei2
揶,揶,ia2
揅,揅,in2
撣,掸,daen3
撣,掸,sin6
曷,曷,huh8
榛,榛,zhen1
樨,樨,xi1
洎,洎,qi6
涪,涪,fv2
溘,溘,kuh7
犍,犍,jin1
犍,犍,qin2
猙,狰,zhen1
瑕,瑕,xia2
瑕,瑕,ha2
甑,甑,zen5
瘴,瘴,zhan5
癙,癙,chv3
皴,皴,qyen1
皴,皴,cuen1
瞳,瞳,ton2
碣,碣,qih8
禨,禨,ji1
禨,禨,ji5
篦,篦,pi6
糌,糌,zaen1
綦,綦,qi2
耷,耷,daeh7
肛,肛,gan1
螃,螃,pan2
裨,裨,bi5
裨,裨,pi2
裾,裾,jy1
襏,袯,buh7
蹋,蹋,taeh8
蹌,跄,qian1
蹌,跄,qian5
蹶,蹶,jiuh7
輟,辍,zhuh7
逕,径,jien5
郟,郏,gaeh7
酊,酊,dien1
鈁,钫,fan1
銥,铱,i1
銣,铷,rv2
鑾,銮,lun2
鞿,鞿,ji1
騫,骞,qin1
鯊,鲨,sha1
鯔,鲻,zhr1
鸕,鸬,lv2
鸞,鸾,lun2
亓,亓,qi2
仡,仡,geh7
仡,仡,ieh8
俅,俅,qiu2
僦,僦,jiu5
呷,呷,haeh7
喱,喱,li2
嗇,啬,seh7
嘧,嘧,mieh8
噤,噤,qien6
夙,夙,soh7
娠,娠,shen1
婧,婧,qien6
嫵,妩,vv3
幛,幛,zhan5
恚,恚,vei5
恚,恚,huei5
揄,揄,y2
揄,揄,iu2
枋,枋,fan1
栻,栻,sheh7
殫,殚,daen1
氙,氙,xin1
汏,汏,tae6
洱,洱,er3
潢,潢,huan2
潞,潞,lv6
煦,煦,xy5
煒,炜,vei3
璽,玺,xi3
癆,痨,lo2
睎,睎,xi1
砥,砥,di3
祛,祛,qy1
窠,窠,ku1
簪,簪,zun1
緘,缄,gaen1
緲,缈,mio3
縞,缟,go3
翽,翙,huei5
荳,荳,teu6
薅,薅,ho1
薹,薹,tae2
蘄,蕲,qi2
蜮,蜮,yeh8
詎,讵,qy6
謾,谩,maen2
謾,谩,maen6
賃,赁,ren6
賒,赊,sha1
蹉,蹉,cu1
遒,遒,qiu2
鈀,钯,ba1
鈀,钯,pa2
鉍,铋,bieh7
鏘,锵,qian1
鐃,铙,no2
鑞,镴,laeh8
闋,阕,qiuh7
阱,阱,jien3
阱,阱,qien6
隄,堤,ti2
鯗,鲞,xian3
鱖,鳜,guei5
鱧,鳢,li3
鳧,凫,fv2
鵠,鹄,hoh8
鵠,鹄,goh7
鶻,鹘,gueh7
鶻,鹘,hueh8
俚,俚,li3
俁,俣,y3
俛,俛,min3
俛,俛,fv3
偃,偃,in3
倏,倏,shoh7
僬,僬,jio1
冢,冢,zhon3
厔,厔,zheh7
嗖,嗖,seu1
嘁,嘁,qieh7
噘,噘,jiuh7
圻,圻,qi2
婞,婞,xien6
嫦,嫦,chan2
孑,孑,jih7
岷,岷,mien2
嵒,嵒,ngaen2
嶙,嶙,lien2
弭,弭,mi3
戢,戢,jieh7
抉,抉,jiuh7
挈,挈,qih7
捫,扪,men2
昊,昊,ho6
梵,梵,faen6
棬,桊,qiun1
楹,楹,ien2
椴,椴,tun6
泯,泯,mien3
湮,湮,ien1
湮,湮,in1
溏,溏,tan2
熵,熵,shan1
燿,耀,io6
爔,爔,xi1
牒,牒,tih8
狒,狒,fei6
猗,猗,i1
猗,猗,i3
猗,猗,u3
獷,犷,guan3
珀,珀,poh7
盩,盩,zheu1
瞇,瞇,mi1
祲,祲,jien1
祲,祲,jien5
禕,祎,i1
稗,稗,pae6
穹,穹,qion2
穹,穹,qion1
穹,穹,kon2
笥,笥,sz5
纘,缵,zun3
羚,羚,lien2
腱,腱,jin5
莞,莞,gun1
莞,莞,gun3
莞,莞,un3
葭,葭,ga1
薿,薿,ni3
蝠,蝠,foh7
螟,螟,mien2
褸,褛,ly3
覷,觑,qy5
訄,訄,qiu2
訑,訑,i2
訢,欣,xien1
詰,诘,jih7
諛,谀,y2
謅,诌,zheu1
踹,踹,chuae5
踹,踹,shun6
蹚,蹚,tan1
蹺,跷,qio1
軼,轶,ieh8
郇,郇,xyen1
郇,郇,huaen2
郇,郇,suen2
醺,醺,xyen1
鈹,铍,pi2
鈹,铍,pi1
鎘,镉,geh7
隕,陨,yen3
霈,霈,pei5
頊,顼,xioh7
駢,骈,pin2
駸,骎,qien1
鬻,鬻,ioh8
鳲,鸤,shr1
鴝,鸲,qy2
鷂,鹞,io6
亟,亟,jieh7
亟,亟,qi5
侗,侗,ton6
侗,侗,ton2
侗,侗,ton3
俑,俑,ion3
兗,兖,in3
剜,剜,un1
勦,剿,cho1
勦,剿,jio3
叱,叱,cheh7
哿,哿,gu3
喏,喏,nah8
喏,喏,ra3
婕,婕,jih7
屙,屙,u1
巽,巽,suen5
恪,恪,kah7
愜,惬,qih7
懺,忏,chaen5
掱,掱,pa2
攄,摅,shv1
敖,敖,ngo2
晢,晢,zih7
榤,榤,qih8
毽,毽,jin5
洮,洮,to2
洮,洮,io2
煜,煜,ioh8
犄,犄,ji1
狉,狉,pi1
猷,猷,iu2
玷,玷,din5
琥,琥,hv3
琰,琰,in3
璘,璘,lien2
疽,疽,jy1
痱,痱,pi6
痱,痱,fei2
癲,癫,din1
盪,荡,tan6
篆,篆,chun6
綷,綷,zuei5
綹,绺,leu3
緙,缂,keh7
翱,翱,ngo2
腴,腴,y2
莆,莆,pv2
蓂,蓂,mien2
蓂,蓂,mieh8
螣,螣,ten2
謐,谧,mieh8
謫,谪,zheh7
贐,赆,qien6
趿,趿,saeh7
趿,趿,tae1
郅,郅,zheh7
郢,郢,ien3
鄜,鄜,fv1
鄴,邺,ih8
醵,醵,qy6
錕,锟,kuen1
鏤,镂,leu6
隤,隤,tuei2
雋,隽,qiun6
颯,飒,saeh7
鴦,鸯,ian1
鵷,鹓,iun1
鶵,鶵,chv2
鸚,鹦,ien1
鼯,鼯,vv2
俵,俵,bio5
傖,伧,can1
儷,俪,li6
冱,冱,hv6
呶,呶,no2
咿,咿,i1
啖,啖,taen6
啷,啷,lan2
啷,啷,lan1
嘌,嘌,pio1
圄,圄,y3
堊,垩,ngah7
壹,壹,ieh7
夤,夤,ien2
奭,奭,sheh7
奼,奼,cha5
奼,奼,zha5
娩,娩,min3
娌,娌,li3
嫚,嫚,maen6
峴,岘,xin6
彿,佛,feh7
忻,忻,xien1
怏,怏,ian5
怹,怹,ta1
捯,捯,do5
搡,搡,san3
梩,梩,li2
椽,椽,chun2
歆,歆,xien1
毖,毖,bi5
氐,氐,di1
氐,氐,di3
泜,泜,chr2
浹,浃,jih7
浹,浃,gaeh7
濯,濯,chuah8
玖,玖,jiu3
璜,璜,huan2
睨,睨,ni6
睽,睽,kuei2
睽,睽,kuei1
碁,碁,qi2
秭,秭,zz3
稹,稹,zhen3
筌,筌,qiun2
箸,箸,chv6
簟,簟,tin6
粲,粲,caen5
紆,纡,y1
絜,絜,xih8
絜,絜,jih7
綬,绶,sheu6
舂,舂,shon1
艄,艄,sho1
菽,菽,shoh7
蓍,蓍,shr1
蓼,蓼,lio3
蓼,蓼,loh8
蘚,藓,xin3
螂,螂,lan2
蟋,蟋,xieh7
蠣,蛎,li6
衋,衋,xieh7
諤,谔,ngah8
趄,趄,qia5
趄,趄,jy1
逋,逋,bv1
酹,酹,luei6
酹,酹,lae6
醱,酦,puh7
鈽,钸,bv1
陟,陟,zheh7
霾,霾,mae2
鞣,鞣,reu2
鯡,鲱,fei5
鱸,鲈,lv2
鷺,鹭,lv6
麒,麒,qi2
齷,龌,vah7
龕,龛,kun1
仃,仃,dien1
佝,佝,geu1
佝,佝,keu5
叵,叵,pu3
啜,啜,chuh7
啻,啻,chr5
嗌,嗌,ieh7
嗌,嗌,ngae5
嚏,嚏,ti5
嚓,嚓,chaeh7
嚆,嚆,ho1
囝,囝,jin3
垽,垽,ien6
妍,妍,in2
孛,孛,peh8
孛,孛,pei6
孿,孪,lun2
宓,宓,mieh8
宓,宓,foh8
宕,宕,tan6
寮,寮,lio2
嶮,崄,xin3
忒,忒,teh7
怵,怵,chueh7
惻,恻,ceh7
惲,恽,yen6
惲,恽,yen3
慄,栗,lieh8
揳,揳,xih7
擢,擢,chuah8
旌,旌,jien1
旎,旎,ni3
暄,暄,xiun1
梜,梜,gaeh7
槁,槁,go3
橛,橛,qiuh8
櫧,槠,zhv1
沚,沚,zhr3
牚,牚,chen5
狎,狎,haeh8
玦,玦,jiuh7
琬,琬,un3
畚,畚,fen5
畚,畚,ben3
痘,痘,teu6
瞼,睑,jin3
砣,砣,tu2
硜,硁,ken1
竽,竽,y2
筲,筲,sho1
箴,箴,zhen1
篱,篱,li2
籟,籁,lae6
紓,纾,shv1
縝,缜,zhen3
羰,羰,tan1
耩,耩,gan3
芮,芮,ruei6
荏,荏,ren3
茳,茳,gan1
葺,葺,qieh7
蒞,莅,li6
蕈,蕈,qien6
蜎,蜎,iun1
蜻,蜻,qien1
蝤,蝤,qiu2
蝤,蝤,jiu1
蝮,蝮,foh7
蟀,蟀,shueh7
褓,褓,bo3
諳,谙,un1
謔,谑,xiah7
豇,豇,gan1
貳,贰,er6
跚,跚,shaen1
踮,踮,din5
躕,蹰,chv2
邇,迩,er3
鄣,鄣,zhan1
鋦,锔,jioh7
閾,阈,yeh8
閾,阈,xyeh7
顴,颧,qiun2
颼,飕,seu1
髀,髀,pi6
髀,髀,bi3
髻,髻,ji5
鬈,鬈,qiun2
鮫,鲛,go1
鯛,鲷,dio1
鰷,鲦,tio2
麝,麝,sha6
黿,鼋,iun2
鼐,鼐,nae6
鼷,鼷,qi2
齲,龋,qy3
丌,丌,qi2
丌,丌,ji1
乂,乂,i6
仄,仄,zeh7
仨,仨,saen1
佶,佶,qieh8
俎,俎,zv3
倣,仿,fan3
剮,剐,gua3
哅,哅,xion1
唰,唰,shuaeh7
嚚,嚚,ien2
塥,塥,geh7
姒,姒,cz6
姦,奸,gaen1
嬪,嫔,pien2
孀,孀,shuan1
嶽,岳,iah8
徠,徕,lae2
徠,徕,lae6
戾,戾,li6
戾,戾,lih8
掎,掎,ji3
摜,掼,kuaen6
攛,撺,cun1
椏,桠,nga1
樾,樾,iuh8
檁,檩,lien3
歟,欤,y2
氄,氄,ron3
涔,涔,chen2
浣,浣,hun6
溦,溦,vei2
潯,浔,qien2
濡,濡,rv2
瀍,瀍,cin2
煇,辉,huei1
煇,辉,yen6
煇,辉,xyen1
煲,煲,bo1
牠,牠,ta1
牯,牯,gv3
犖,荦,lah8
瑭,瑭,tan2
痂,痂,ga1
痣,痣,zhr5
盹,盹,den3
硎,硎,xien2
磎,磎,qi1
磬,磬,qien5
穨,颓,tuei2
笭,笭,lien2
笸,笸,pu3
筧,笕,jin3
筱,筱,xio3
緶,缏,pin2
緶,缏,pin6
耬,耧,leu2
胤,胤,ien6
舫,舫,fan3
蔾,蔾,li2
薰,熏,xyen1
蛐,蛐,qioh7
蟠,蟠,pun2
袼,袼,lah8
袼,袼,gah7
觺,觺,i2
詡,诩,xy3
諍,诤,zhen5
蹊,蹊,qi2
蹣,蹒,pun2
躋,跻,ji1
逖,逖,tieh7
錒,锕,nga1
鑱,镵,chaen2
霨,霨,vei5
颶,飓,qy6
颸,飔,sz1
颸,飔,chr1
馗,馗,kuei2
鮆,鮆,cz6
鮆,鮆,ji1
鯀,鲧,guen3
鰹,鲣,jin1
鱔,鳝,sin6
鷦,鹪,jio1
齮,齮,i3
佤,佤,va3
佻,佻,tio1
佻,佻,tio2
倢,倢,qih8
偈,偈,qi6
偈,偈,qih8
僭,僭,jin5
剕,剕,fei6
呎,呎,cheh7
咻,咻,xiu1
咭,咭,jieh7
咭,咭,xieh7
咭,咭,kaeh7
嗥,嗥,ho2
嗊,唝,hon3
嗄,嗄,sha5
嚲,亸,du3
垌,垌,ton6
垌,垌,ton2
壅,壅,ion5
壚,垆,lv2
妯,妯,choh8
宬,宬,chen2
崍,崃,lae2
崦,崦,in1
庠,庠,qian2
廛,廛,cin2
廩,廪,lien3
忣,忣,jieh7
惇,惇,den1
愊,愊,bieh7
戛,戛,gaeh7
搽,搽,cha2
擘,擘,boh7
擯,摈,bien5
曖,暧,ngae5
杓,杓,bio1
杓,杓,shah8
柩,柩,qiu6
柚,柚,iu6
柚,柚,iu2
柚,柚,choh8
柘,柘,zha5
楮,楮,chv3
楂,楂,zha1
楂,楂,cha2
槤,槤,lin2
橐,橐,tah7
淼,淼,mio3
溽,溽,roh8
漯,漯,taeh7
漯,漯,lu6
漯,漯,luei3
漭,漭,man3
潏,潏,yeh8
潏,潏,jyeh7
濜,浕,qien6
烝,烝,zhen1
爿,丬,baen5
爿,丬,qian2
玀,猡,lu2
皈,皈,guei1
眄,眄,min3
眄,眄,min6
磯,矶,ji1
礄,硚,qio2
稔,稔,ren3
糴,籴,tieh8
緡,缗,mien2
縉,缙,jien5
縚,绦,to1
耔,耔,zz3
胔,胔,cz6
苫,苫,sin1
苫,苫,sin5
菂,菂,dieh7
薈,荟,huei6
薈,荟,vei5
藎,荩,qien6
蛄,蛄,gv1
蛔,蛔,huei2
螻,蝼,leu2
蟄,蛰,cheh8
袤,袤,meu6
訃,讣,fv5
豕,豕,shr3
豕,豕,chr5
貤,貤,i2
貤,貤,i6
賁,贲,ben1
賁,贲,bi5
賁,贲,fen2
輓,挽,vaen3
轇,轇,go1
遛,遛,leu2
遛,遛,leu6
遴,遴,lien2
鄖,郧,yen2
鈸,钹,puh8
鉉,铉,xiun6
銃,铳,chon5
鑭,镧,laen2
閶,阊,chan1
闇,闇,un5
頡,颉,xih8
頡,颉,jih7
頡,颉,gaeh7
頦,颏,kah7
頦,颏,hae2
駟,驷,sz5
驪,骊,li2
骫,骫,vei3
髧,髧,tun6
髭,髭,zz1
鮭,鲑,guei1
鮭,鲑,hae2
鮭,鲑,kuei1
鮞,鲕,er2
鰩,鳐,io2
鱷,鳄,ngah8
鳶,鸢,iun1
麾,麾,huei1
丕,丕,pi1
偌,偌,ra6
啕,啕,to2
啐,啐,cuei5
啐,啐,cuae5
喁,喁,ion2
喁,喁,y2
嘵,哓,xio1
囿,囿,iu6
囿,囿,ioh8
圉,圉,y3
埭,埭,tae6
墁,墁,mun6
婀,婀,u1
嶂,嶂,zhan5
帑,帑,tan3
帑,帑,nv2
帩,帩,qio5
幡,幡,faen1
忑,忑,teh7
怛,怛,daeh7
慍,愠,yen5
愾,忾,kae5
愾,忾,xi5
懵,懵,mon3
搆,构,geu5
撳,揿,qien5
斠,斠,jio5
斠,斠,gah7
柃,柃,lien2
栲,栲,ko3
栒,栒,xyen2
梮,梮,jioh7
楸,楸,qiu1
涿,涿,zhuah7
湟,湟,huan2
滂,滂,pan1
潸,潸,shaen1
灄,滠,sih7
炆,炆,ven2
焗,焗,qioh8
珙,珙,gon3
瑀,瑀,y3
瓿,瓿,pv6
瓿,瓿,peu3
痔,痔,chr6
痍,痍,i2
睏,困,kuen5
睢,睢,suei1
睢,睢,huei1
睿,睿,ruei6
瞠,瞠,chen1
碚,碚,pei6
磔,磔,zheh7
礱,砻,lon2
竦,竦,son3
笊,笊,zho5
箜,箜,kon1
篋,箧,qih7
篘,篘,cheu1
粔,粔,qy6
紺,绀,gun5
緇,缁,zhr1
綝,綝,chen1
綝,綝,lien2
縵,缦,mun6
罈,坛,tun2
罦,罦,fv1
羑,羑,iu3
翮,翮,heh8
脩,修,xiu1
舲,舲,lien2
艚,艚,co2
芣,芣,fv2
芼,芼,mo2
芼,芼,mo6
苡,苡,i3
莓,莓,mei2
堇,堇,jien3
葑,葑,fon1
葑,葑,fon5
蓽,荜,bieh7
藪,薮,seu3
蘢,茏,lon2
藿,藿,huah7
蜉,蜉,fv2
蟓,蟓,qian6
蟾,蟾,cin2
蟶,蛏,chen1
蠲,蠲,jiun1
裲,裲,lian3
訌,讧,hon2
訏,吁,xy1
蹴,蹴,coh7
躉,趸,den3
軫,轸,zhen3
逵,逵,kuei2
鄠,鄠,hv6
鈮,铌,ni2
鏜,镗,tan1
鏜,镗,tan2
鏖,鏖,ngo1
鐫,镌,jiun1
閆,闫,in2
雝,雝,ion1
霽,霁,ji5
靚,靓,qien6
顒,颙,ion2
鯤,鲲,kuen1
鰨,鳎,taeh7
鰼,鳛,qieh8
鱘,鲟,qien2
鼙,鼙,pi2
齜,龇,zhr1
仳,仳,pi3
伾,伾,pi1
俶,俶,choh7
傒,傒,qi2
僮,僮,ton2
儂,侬,non2
儴,儴,ran2
刖,刖,iuh8
剴,剀,kae3
剽,剽,pio5
匋,匋,to2
卞,卞,pin6
嗑,嗑,huh8
嗑,嗑,kuh7
噀,噀,suen5
囫,囫,hueh8
垸,垸,un2
垸,垸,iun6
堠,堠,heu6
姘,姘,pien1
姣,姣,go1
姣,姣,ho2
婭,娅,nga5
孬,孬,no1
孬,孬,hueh7
孱,孱,chaen2
崴,崴,vae1
崴,崴,vei1
嵋,嵋,mi2
嶸,嵘,ion2
弒,弒,shr5
忪,忪,son1
忪,忪,zhon1
忐,忐,tun3
慼,戚,qieh7
抈,抈,iuh8
挶,挶,jioh7
掽,掽,pon5
掮,掮,qin2
撏,挦,qien2
斕,斓,laen2
旐,旐,cho6
昳,昳,tih8
昳,昳,ieh8
朮,朮,chueh8
柢,柢,di3
枵,枵,xio1
梲,梲,zhuh7
梲,梲,tuh7
楝,楝,lin6
榫,榫,xyen3
榫,榫,suen3
橇,橇,qio1
檣,樯,qian2
欷,欷,xi1
殄,殄,tin6
殮,殓,lin6
汊,汊,cha6
泅,泅,qiu2
洹,洹,un2
浡,浡,peh8
浯,浯,vv2
淯,淯,ioh8
浞,浞,chuah8
溟,溟,mien2
潲,潲,sho5
濮,濮,boh7
煬,炀,ian2
犒,犒,ko5
獍,獍,jien5
獾,獾,hun1
玳,玳,tae6
珌,珌,bieh7
璐,璐,lv6
町,町,tien1
町,町,tien3
町,町,dien1
畬,畬,sha1
畬,畬,y2
疢,疢,chen5
痧,痧,sha1
癇,痫,haen2
皙,皙,xieh7
皭,皭,jio5
皭,皭,qiah8
睒,睒,sin3
睚,睚,ngae2
瞽,瞽,gv3
秈,籼,xin1
秣,秣,muh8
穊,穊,ji5
窈,窈,io3
窕,窕,tio6
籐,藤,ten2
糲,粝,li6
紵,纻,chv6
綑,捆,kuen3
繾,缱,qin3
耒,耒,luei3
耒,耒,luei6
脰,脰,teu6
腒,腒,jy1
膈,膈,geh7
臚,胪,lv2
臾,臾,y2
艤,舣,i3
荑,荑,ti2
荑,荑,i2
荇,荇,xien6
菹,菹,zv1
萏,萏,tun6
葚,葚,shen6
蓓,蓓,pei6
蓓,蓓,pei2
蔻,蔻,keu5
薏,薏,i5
蚱,蚱,zha5
蜃,蜃,shen6
蝌,蝌,ku1
蝜,蝜,fv6
螫,螫,sheh7
蟥,蟥,huan2
裼,裼,xieh7
裼,裼,ti5
覿,觌,tieh8
誆,诓,kuan1
誑,诳,kuan2
諂,谄,cin3
讕,谰,laen2
讞,谳,in6
豳,豳,bien1
豸,豸,chr6
趵,趵,bo5
趵,趵,bah7
跎,跎,tu2
跛,跛,bu3
踫,踫,pon5
踟,踟,chr2
軔,轫,ren6
軑,轪,tae6
輦,辇,lin3
轗,轗,kun3
逅,逅,heu6
郯,郯,taen2
鄘,墉,ion2
銪,铕,iu3
閬,阆,lan6
靰,靰,veh8
顓,颛,zhun1
餳,饧,qien2
駘,骀,tae2
駘,骀,tae6
騤,骙,kuei2
驍,骁,xio1
髏,髅,leu2
髑,髑,toh8
鮐,鲐,tae2
鱺,鲡,li2
黠,黠,haeh8
鼫,鼫,sheh8
龠,龠,iah8
仉,仉,zhan3
佉,佉,qy1
佟,佟,ton2
侂,侂,tah7
倀,伥,chan1
僉,佥,qin1
僖,僖,xi1
儈,侩,kuae5
儋,儋,daen1
刎,刎,ven3
勍,勍,qien2
厝,厝,cv5
叻,叻,leh8
啵,啵,bu1
嗉,嗉,sv5
噲,哙,kuae5
嚅,嚅,rv2
嚳,喾,koh7
囁,嗫,nih8
囁,嗫,zih7
囹,囹,lien2
垞,垞,cha2
堞,堞,tih8
塋,茔,ien2
墬,墬,ti6
媵,媵,ien6
嫠,嫠,li2
孳,孳,zz1
宥,宥,iu6
尕,尕,ga3
峋,峋,xyen2
峋,峋,suen2
崢,峥,zhen1
嶓,嶓,bu1
幃,帏,vei2
忤,忤,vv3
恂,恂,xyen2
恂,恂,suen2
慇,殷,ien1
懍,懔,lien3
戇,戆,zhuan5
戕,戕,qian2
抃,抃,pin6
挂,挂,gua5
捽,捽,cueh8
摠,摠,zon3
斿,斿,iu2
旮,旮,gah7
暌,暌,kuei2
暠,暠,go3
杼,杼,chv6
杻,杻,cheu3
杻,杻,neu3
柺,拐,guae3
桼,桼,qieh7
椑,椑,bei1
椑,椑,pi2
槃,槃,pun2
榰,榰,zhr1
榍,榍,xih7
榿,桤,qi1
榥,榥,huan6
橦,橦,ton2
橦,橦,chuan2
檉,柽,chen1
櫂,棹,cho6
欞,棂,lien2
氂,牦,li2
氂,牦,mo2
氅,氅,chan3
氆,氆,pv3
汙,污,vv1
汙,污,vv5
汙,污,y2
汙,污,va1
泃,泃,jy1
洺,洺,mien2
涊,涊,nin3
淝,淝,fei2
淴,淴,hueh7
湎,湎,min3
渢,沨,fon2
濉,濉,suei1
瀨,濑,lae6
烜,烜,xiun3
牖,牖,iu3
牴,抵,di3
狙,狙,jy1
狷,狷,jiun5
獺,獭,taeh7
玠,玠,gae5
珣,珣,xyen2
珣,珣,suen2
琯,管,gun3
琨,琨,kuen1
琖,琖,zhaen3
璣,玑,ji1
璪,璪,zo3
疋,疋,shv1
疋,疋,pieh7
疋,疋,ia3
疌,疌,qih8
疝,疝,shaen5
痳,痳,ma2
瘌,瘌,laeh8
瘸,瘸,qya2
癰,痈,ion1
瞵,瞵,lien2
矬,矬,cu2
稃,稃,fv1
稙,稙,zheh7
笢,笢,mien3
箬,箬,rah8
簋,簋,guei3
篳,筚,bieh7
糨,糨,qian6
紇,纥,heh8
紇,纥,geh7
絖,絖,kuan5
綰,绾,vaen3
綪,綪,qin5
綪,綪,zhen1
緗,缃,xian1
纈,缬,xih8
罄,罄,qien5
翕,翕,xieh7
耖,耖,cho5
肓,肓,huan1
腓,腓,fei2
臏,膑,pien6
苒,苒,rin3
莒,莒,jy3
莨,莨,lan2
莨,莨,lan6
莨,莨,lian2
莪,莪,ngu2
菰,菰,gv1
蕻,蕻,hon2
蕻,蕻,hon6
虢,虢,goh7
蚍,蚍,pi2
蛉,蛉,lien2
蛺,蛱,gaeh7
袂,袂,mi6
袗,袗,zhen3
袈,袈,ga1
裟,裟,sha1
覂,覂,fon3
覦,觎,y2
訐,讦,jih7
謖,谡,shoh7
讖,谶,chen5
趲,趱,zaen3
跖,跖,zheh7
踅,踅,xiuh8
蹁,蹁,pin2
蹓,蹓,leu6
蹢,蹢,dieh7
蹢,蹢,cheh8
蹼,蹼,poh7
遑,遑,huan2
邈,邈,mah8
邕,邕,ion1
釃,酾,shr1
釅,酽,in6
銍,铚,zheh7
銦,铟,ien1
錞,錞,shuen2
鎰,镒,ieh8
鎦,镏,leu2
鏌,镆,mah8
鐓,镦,den1
鐙,镫,den5
陔,陔,gae1
雒,雒,lah8
靽,靽,bun5
韍,韨,feh7
顳,颞,nih8
餈,餈,cz2
餕,馂,jyen5
餕,馂,zuen5
餬,餬,hv2
騏,骐,qi2
骷,骷,kv1
鬲,鬲,geh7
鬲,鬲,lieh8
魆,魆,xyeh7
鯧,鲳,chan1
鰍,鳅,qiu1
鰶,鰶,ji5
佞,佞,nien6
傴,伛,y3
儵,儵,shoh7
勣,绩,jieh7
厂,厂,hun5
厂,厂,hun3
唏,唏,xi1
喤,喤,huan2
嗲,嗲,dia3
囀,啭,zhun5
囈,呓,i6
囉,啰,lu1
囉,啰,lu2
埴,埴,cheh8
埡,垭,nga5
埼,埼,qi2
堝,埚,gu1
堙,堙,ien1
塒,埘,shr2
墈,墈,kun5
壙,圹,kuan5
姞,姞,qieh8
嬈,娆,ro2
嬈,娆,ro3
宧,宧,i2
岫,岫,qiu6
帙,帙,cheh8
幄,幄,vah7
庖,庖,po2
彘,彘,chr6
徉,徉,ian2
怊,怊,cho1
悌,悌,ti6
悽,凄,qi1
愆,愆,qin1
慵,慵,ion2
戽,戽,hv5
扑,扑,poh7
摁,摁,ngen5
摺,折,zih7
摽,摽,bio1
摽,摽,pio6
擷,撷,xih8
擼,撸,lv3
攖,撄,ien1
敓,敓,tuh8
桴,桴,fv1
梏,梏,goh7
梖,梖,bei5
棪,棪,in3
椐,椐,jy1
椹,椹,shen6
椹,椹,zhen1
欒,栾,lun2
歎,叹,taen5
殞,殒,yen3
沆,沆,han2
沆,沆,han6
沔,沔,min3
泔,泔,gun1
洳,洳,rv6
洚,洚,gan5
洇,洇,ien1
溈,沩,vei2
溈,沩,guei1
澉,澉,gun3
澴,澴,huaen2
瀦,潴,zhv1
瀲,潋,lin6
灊,灊,qin2
炱,炱,tae2
焜,焜,kuen1
焜,焜,huen6
燏,燏,yeh8
犰,犰,qiu2
獬,獬,hae6
珞,珞,lah8
璟,璟,jien3
璦,瑷,ngae5
璵,玙,y2
瓖,瓖,xian1
甪,甪,loh8
畎,畎,jiun3
瘊,瘊,heu2
盍,盍,huh8
矓,眬,lon2
硤,硖,haeh8
礧,礧,luei3
礧,礧,luei6
礧,礧,luei2
窳,窳,y3
笱,笱,geu3
篁,篁,huan2
糅,糅,reu2
糅,糅,neu6
糗,糗,qiu3
縑,缣,jin1
縻,縻,mi2
羯,羯,jih7
羸,羸,luei2
腧,腧,shv5
臑,臑,rv2
臑,臑,no6
舋,舋,xien5
舢,舢,shaen1
舡,舡,han1
舡,舡,chun2
舸,舸,gu3
艴,艴,feh7
苣,苣,qy6
茱,茱,zhv1
茱,茱,chv2
茞,茞,chen2
莙,莙,jyen1
菟,菟,tv5
菟,菟,tv2
葩,葩,pa1
蓴,莼,shuen2
蕺,蕺,zheh7
蘘,蘘,ran2
蘼,蘼,mi2
蝻,蝻,nun2
蝻,蝻,nun3
褊,褊,bin3
褫,褫,chr3
褡,褡,daeh7
襆,幞,foh8
覡,觋,xieh8
訖,讫,jieh7
訖,讫,qieh7
詮,诠,qiun2
詬,诟,geu5
謄,誊,ten2
譆,嘻,xi1
豚,豚,ten2
賚,赉,lae6
赧,赧,naen3
趔,趔,lih8
跕,跕,dih7
跕,跕,tih7
蹍,蹍,zin3
蹍,蹍,nin3
蹇,蹇,jin3
躚,跹,xin1
躥,蹿,cun1
迺,乃,nae3
邂,邂,hae6
郃,合,huh8
郕,郕,chen2
郜,郜,go5
酃,酃,lien2
醢,醢,hae3
釤,钐,shaen1
釤,钐,shaen5
鈑,钣,baen3
鈧,钪,kan5
錸,铼,lae2
錁,锞,gu3
鍇,锴,kae3
鐒,铹,lo2
闈,闱,vei2
闒,阘,taeh8
阽,阽,in2
陘,陉,xien2
隗,隗,vei3
靺,靺,muh8
鞦,秋,qiu1
韙,韪,vei3
餿,馊,seu1
騖,骛,vv6
驊,骅,hua2
髳,髳,mo2
髳,髳,mon2
魨,鲀,ten2
鵜,鹈,ti2
鶚,鹗,ngah8
鶩,鹜,vv6
麇,麇,jyen1
麇,麇,qyen2
齟,龃,jy3
伉,伉,kan5
佰,佰,boh7
倥,倥,kon1
倥,倥,kon3
偊,偊,y3
儽,儽,luei2
儽,儽,luei3
兕,兕,cz6
哂,哂,shen3
啈,啈,hen6
嗝,嗝,geh7
噱,噱,qiah8
噱,噱,xiah8
噭,噭,jio5
圮,圮,pi6
圮,圮,pi3
埒,埒,lih8
夼,夼,kuan3
妗,妗,qien6
婊,婊,bio3
嫿,婳,hoh8
嬖,嬖,bi5
屌,屌,dio3
崙,仑,len2
崞,崞,guah7
崮,崮,gv5
嶢,峣,io2
嶧,峄,ieh8
幗,帼,goh7
廎,庼,qien3
忝,忝,tin3
忝,忝,tin5
惓,惓,qiun2
惓,惓,qiun6
愎,愎,pieh8
憒,愦,kuei6
掫,掫,zeu1
搠,搠,shuah7
摭,摭,zheh7
摶,抟,tun2
摞,摞,lu2
擤,擤,hon3
斮,斮,zhuah7
旒,旒,leu2
昕,昕,xien1
昉,昉,fan3
昱,昱,ioh8
昫,昫,xy5
晻,晻,in3
晻,晻,un3
暘,旸,ian2
曏,向,xian5
杙,杙,ieh8
枻,枻,i6
柷,柷,zhoh7
柷,柷,choh7
梃,梃,tien6
梐,梐,pi6
桷,桷,gah7
棽,棽,chen1
棽,棽,shen1
棼,棼,fen2
楯,楯,shuen6
榧,榧,fei3
櫪,枥,lieh8
櫨,栌,lv2
殍,殍,pio6
汜,汜,cz6
汧,汧,qin1
泖,泖,mo3
洧,洧,vei3
洫,洫,xyeh7
洙,洙,zhv1
洙,洙,chv2
洑,洑,foh8
淥,渌,loh8
湔,湔,jin1
澍,澍,shv6
澌,澌,sz1
澽,澽,jy5
澽,澽,qy6
灞,灞,ba5
炷,炷,zhv5
煢,茕,qion2
燹,燹,xin3
犋,犋,qy6
狴,狴,bi5
猁,猁,li6
珅,珅,shen1
琺,珐,faeh7
琭,琭,loh8
璅,璅,zo3
璠,璠,faen2
璡,琎,jien5
璡,琎,jien1
璫,珰,dan1
畀,畀,bi5
甾,甾,zhr1
甾,甾,zae1
疹,疹,zhen3
痦,痦,vv6
瘐,瘐,y3
瘰,瘰,lu3
癃,癃,lon2
癘,疠,li6
睞,睐,lae6
砭,砭,bin1
砮,砮,nv3
碓,碓,duei5
碓,碓,dy5
碇,碇,dien5
磑,硙,ngae2
磑,硙,vei6
祓,祓,feh7
穠,秾,non2
穭,稆,ly3
窸,窸,xieh7
笤,笤,tio2
笪,笪,daeh7
籧,籧,qy2
籧,籧,jy3
糈,糈,xy3
絅,絅,jion1
絅,絅,jion3
綃,绡,xio1
縋,缒,chuei6
繢,缋,huei6
纆,纆,moh8
罟,罟,gv3
羋,芈,mi3
羝,羝,di1
耨,耨,neu6
耰,耰,iu1
聃,聃,daen1
聒,聒,guh7
聒,聒,guaeh7
艅,艅,y2
茈,茈,zz3
茈,茈,chae2
茈,茈,cz2
莘,莘,shen1
莘,莘,xien1
荽,荽,suei1
荽,荽,xy1
萇,苌,chan2
菉,菉,loh8
葸,葸,xi3
萩,萩,qiu1
蓁,蓁,zhen1
蓺,蓺,i6
蕨,蕨,jiuh7
薙,薙,ti5
薴,薴,nien2
蘡,蘡,ien1
虻,虻,mon2
蚶,蚶,hun1
蚰,蚰,iu2
蜆,蚬,xin3
蜢,蜢,mon3
蟑,蟑,zhan1
螳,螳,tan2
蟛,蟛,pon2
衾,衾,qien1
裯,裯,cheu2
誚,诮,qio5
諑,诼,zhuah7
譎,谲,jiuh7
譔,譔,chun6
讆,讆,vei6
讋,詟,zih7
賅,赅,gae1
蹐,蹐,jieh7
躐,躐,lih8
輞,辋,van3
轡,辔,pei5
轡,辔,bi5
迨,迨,tae6
逡,逡,qyen1
逡,逡,cuen1
遨,遨,ngo2
邶,邶,bei5
邰,邰,tae2
邰,邰,tae1
郈,郈,heu6
郤,郄,xieh7
郪,郪,qi1
郿,郿,mi2
鄔,邬,vv1
鄞,鄞,ien2
鄢,鄢,in1
釵,钗,chae1
鈇,鈇,fv1
鉈,铊,ta1
鋃,锒,lan2
鋌,铤,tien6
鎡,镃,zz1
鏞,镛,ion2
鐔,镡,tun2
靨,靥,ih7
韔,韔,chan5
顙,颡,san3
饜,餍,in5
驃,骠,pio6
魌,魌,qi1
鮓,鲊,zha3
鰉,鳇,huan2
鱭,鲚,qi6
鴆,鸩,chen6
鶉,鹑,shuen2
鵡,鹉,vv3
鷓,鹧,zha5
鷙,鸷,zhr5
麋,麋,mi2
黻,黻,feh7
鼒,鼒,zz1
齏,齑,ji1
仟,仟,qin1
佾,佾,ieh8
侑,侑,iu6
佽,佽,cz5
佹,佹,guei3
佫,佫,hah8
倨,倨,jy5
倬,倬,zhuah7
傕,傕,gah7
傯,偬,zon3
僳,僳,soh7
儕,侪,chae2
儓,儓,tae2
儻,傥,tan3
刓,刓,un2
刳,刳,kv1
勖,勖,xioh7
勩,勚,i6
勱,劢,mae6
勼,勼,jiu1
叟,叟,seu3
咑,咑,da1
咩,咩,mae3
咩,咩,mia6
咼,呙,gu1
咼,呙,kuae1
哞,哞,meu2
唚,吣,qien5
啶,啶,tien6
喵,喵,mio1
嗈,嗈,ion1
嘏,嘏,gv3
嘏,嘏,ga3
噌,噌,cen1
嚄,嚄,hoh8
囅,冁,cin3
囟,囟,xien5
坌,坌,pen6
坫,坫,din5
垓,垓,gae1
堀,堀,kueh7
堶,堶,tu2
妁,妁,shah8
妲,妲,daeh7
嫪,嫪,lo6
嬗,嬗,sin6
岵,岵,hv6
崚,崚,lien2
嵯,嵯,cu2
嶗,崂,lo2
廡,庑,vv3
彀,彀,geu5
徜,徜,shan2
怩,怩,ni2
恁,恁,ren6
悛,悛,qiun1
悾,悾,kon1
悱,悱,fei3
愔,愔,ien1
慳,悭,kaen1
慪,怄,ngeu5
慪,怄,ngeu1
拶,拶,zaeh7
掊,掊,peu2
掊,掊,peu3
捭,捭,bae3
搒,搒,ban5
搒,搒,pon2
搌,搌,zin3
搴,搴,qin1
攲,攲,qi1
攲,攲,ji1
旃,旃,zin1
旰,旰,gun5
晷,晷,guei3
曀,曀,i5
曌,曌,zho5
朊,朊,gun3
朊,朊,iun3
朐,朐,qy2
杕,杕,ti6
棖,枨,chen2
楬,楬,qih8
楬,楬,kaeh7
槎,槎,cha2
槎,槎,cha6
樗,樗,chv1
橈,桡,ro2
檇,檇,zuei5
櫼,櫼,jin1
櫸,榉,jy3
歿,殁,meh8
毌,毌,gun5
毐,毐,ngae3
氍,氍,qy2
洌,洌,lih8
涘,涘,cz6
淦,淦,gun5
淠,淠,pi5
滏,滏,fv3
滹,滹,hv1
潟,舄,xieh7
澒,澒,hon6
潕,潕,vv3
澥,澥,hae6
濼,泺,lah8
瀣,瀣,hae6
烊,烊,ian2
熥,熥,ton1
熳,熳,maen6
燔,燔,faen2
爨,爨,cun5
牝,牝,pien6
牾,牾,vv6
猓,猓,gu3
獐,獐,zhan1
獠,獠,lio2
獪,狯,kuae5
玎,玎,dien1
珽,珽,tien3
琮,琮,con2
璁,璁,con1
璈,璈,ngo2
璩,璩,qy2
瓅,瓅,lieh8
畛,畛,zhen3
畹,畹,un3
疰,疰,zhv5
瘺,瘘,leu6
癤,疖,jih7
皰,疱,po5
盦,盦,un1
矍,矍,jiah7
矰,矰,zen1
硠,硠,lan2
磣,碜,chen3
祔,祔,fv6
禡,禡,ma6
竑,竑,hon2
篥,篥,lieh8
簉,簉,cheu5
籜,箨,tah7
粞,粞,xi1
紟,紟,jien1
紟,紟,qien6
紲,绁,xih7
紱,绂,feh7
紬,紬,cheu1
紬,紬,cheu2
紩,紩,cheh8
綞,缍,du3
繙,翻,faen1
罌,罂,ien1
羼,羼,chaen5
翳,翳,i5
耵,耵,dien3
聵,聩,kuei6
胂,胂,shen1
胼,胼,pin2
膦,膦,lien2
膦,膦,lin3
舛,舛,chun3
艋,艋,mon3
艿,艿,nae3
艿,艿,ren2
茖,茖,geh7
荻,荻,tieh8
菼,菼,taen3
菑,菑,zz1
蓊,蓊,on3
蔞,蒌,leu2
蕹,蕹,ion1
虯,虬,qiu2
蚪,蚪,deu3
蚩,蚩,chr1
蚋,蚋,ruei6
蜍,蜍,chv2
蜴,蜴,ieh8
蠐,蛴,qi2
蠵,蠵,huei2
蠵,蠵,qi2
褭,褭,nio3
襞,襞,bieh7
襫,襫,sheh7
觫,觫,soh7
詈,詈,li6
詿,诖,gua5
諠,諠,xiun1
譙,谯,qio2
譖,谮,zen5
譫,谵,zin1
譾,谫,jin3
讎,雠,cheu2
貊,貊,moh8
貔,貔,pi2
賕,赇,qiu2
贇,赟,yen1
跣,跣,xin3
蹀,蹀,tih8
蹕,跸,bieh7
躒,跞,lieh8
躒,跞,lah8
輈,辀,zheu1
轔,辚,lien2
逯,逯,loh8
遢,遢,taeh7
遹,遹,yeh8
邋,邋,laeh8
邋,邋,lih8
邠,邠,bien1
邴,邴,bien3
邽,邽,guei1
醯,醯,xi1
醽,醽,lien2
釧,钏,chun5
釹,钕,ny3
釽,釽,pieh7
釽,釽,zho1
鉭,钽,taen3
鉏,鉏,chv2
銠,铑,lo3
鉿,铪,ha1
錡,锜,qi2
錙,锱,zz1
錛,锛,ben1
鎏,鎏,leu2
鎛,镈,bah7
鏃,镞,zoh7
鏦,鏦,con1
鑣,镳,bio1
閎,闳,hon2
閿,阌,ven2
闐,阗,tin2
闤,阛,huaen2
鞝,鞝,zhan3
鞫,鞫,jioh7
韉,鞯,jin1
颺,扬,ian2
饗,飨,xian3
鬎,鬎,laeh8
鬩,阋,xieh7
鬮,阄,jiu1
鬯,鬯,chan5
魎,魉,lian3
魘,魇,in3
鱈,鳕,xiuh7
鴞,鸮,xio1
鴟,鸱,chr1
鵁,鵁,go1
鵒,鹆,ioh8
鶂,鶂,ieh8
鶿,鹚,cz2
黦,黦,iuh7
黦,黦,yeh7
齦,龈,ien2
乇,乇,tah7
乇,乇,zheh7
乜,乜,mia1
乜,乜,nia6
乜,乜,mia3
乩,乩,ji1
仵,仵,vv3
倞,倞,qien6
倞,倞,lian6
倷,倷,nae3
僰,僰,poh8
儌,儌,jio3
儺,傩,nu2
剋,克,keh7
劬,劬,qy2
厴,厣,in3
叡,叡,ruei6
呤,呤,lien2
哏,哏,gen3
呲,呲,zz1
呲,呲,cz1
唈,唈,ieh7
唳,唳,li6
唳,唳,lieh8
喎,喎,vae1
嘽,啴,taen1
嘽,啴,cin3
嘬,嘬,chuae5
嘬,嘬,zuh7
噦,哕,iuh7
噦,哕,huei5
嚜,嚜,mi6
垟,垟,ian2
垚,垚,io2
埆,埆,kah7
埻,埻,zhuen3
埏,埏,in2
埏,埏,sin1
墉,墉,ion2
墘,墘,qin2
墀,墀,chr2
墦,墦,faen2
奩,奁,lin2
妣,妣,bi3
妺,妺,muh8
姱,姱,kua1
娉,娉,pien1
媯,妫,guei1
嫖,嫖,pio2
嫖,嫖,pio1
嫘,嫘,luei2
嬃,嬃,xy1
宄,宄,guei3
寀,寀,cae3
尻,尻,ko1
屣,屣,xi3
崤,崤,xio2
嵫,嵫,zz1
崳,嵛,y2
嵽,嵽,ti6
嵽,嵽,tih8
嶠,峤,qio2
嶠,峤,qio6
嶷,嶷,i2
嶷,嶷,nieh8
巋,岿,kuei1
庥,庥,xiu1
弶,弶,qian6
徯,徯,qi2
忭,忭,pin6
怙,怙,hv6
怍,怍,cah8
悃,悃,kuen3
惎,惎,qi6
慊,慊,qin5
慊,慊,qih7
憝,憝,tuei6
懌,怿,ieh8
懟,怼,chuei6
懟,怼,duei5
捃,捃,jyen5
挲,挲,su1
揃,揃,jin3
搰,搰,hueh8
撉,撉,den1
攮,攮,nan3
斫,斫,zhah7
旄,旄,mo2
旟,旟,y2
晞,晞,xi1
暵,暵,hun5
曄,晔,ih8
曚,曚,mon2
朏,朏,fei3
杌,杌,ngeh8
杌,杌,veh8
柝,柝,tah7
桄,桄,guan1
桄,桄,guan5
楛,楛,kv3
楛,楛,hv6
榾,榾,gueh7
樛,樛,jiu1
櫜,櫜,go1
櫬,榇,chen5
歃,歃,shaeh7
殤,殇,shan1
殣,殣,qien6
殪,殪,i5
殽,殽,xio2
氕,氕,pih7
氤,氤,ien1
氾,泛,faen5
氾,泛,faen2
汫,汫,jien3
汫,汫,qien6
泫,泫,xiun6
洨,洨,ho2
洭,洭,kuan1
洿,洿,vv1
泚,泚,cz3
涑,涑,soh7
湴,湴,paen6
湞,浈,zhen1
湨,湨,jyeh7
溲,溲,seu1
溱,溱,zhen1
溱,溱,qien2
滃,滃,on1
滃,滃,on3
滻,浐,chaen3
滫,滫,xiu3
澠,渑,min3
澠,渑,shen2
澫,澫,maen6
濠,濠,ho2
濞,濞,pi5
瀅,滢,ien2
瀅,滢,ien5
瀧,泷,lon2
瀧,泷,shuan1
瀼,瀼,ran2
瀼,瀼,ran6
瀵,瀵,fen5
焌,焌,jyen5
焌,焌,zuen5
熜,熜,zon3
熜,熜,con1
燊,燊,shen1
燠,燠,ngo5
燠,燠,ioh7
爇,爇,ruh8
爻,爻,xio2
牁,牁,gu1
牂,牂,zan1
狃,狃,neu3
狨,狨,ron2
狺,狺,ien2
獮,狝,xin3
獼,猕,mi2
玕,玕,gun1
珈,珈,ga1
珪,珪,guei1
琇,琇,xiu5
琀,琀,hun6
瑗,瑗,iun6
瓠,瓠,hv6
瓻,瓻,chr1
瘈,瘈,ji5
瘈,瘈,qi5
瘭,瘭,bio1
皞,皞,ho6
眇,眇,mio3
眥,眦,cz6
睇,睇,ti6
睇,睇,ti1
矞,矞,yeh8
矧,矧,shen3
砦,砦,chae6
碭,砀,tan6
礞,礞,mon2
祧,祧,tio1
禊,禊,xi6
禛,禛,zhen1
穰,穰,ran2
穰,穰,ran3
笄,笄,ji1
筦,筦,gun3
筴,筴,gaeh7
篌,篌,heu2
籙,箓,loh8
籹,籹,ny3
粧,妆,zhuan1
糒,糒,pi6
絎,绗,hen6
縠,縠,hoh8
縲,缧,luei2
縩,縩,cae5
繒,缯,zen1
繻,繻,xy1
繻,繻,rv2
纑,纑,lv2
纚,纚,shr3
缶,缶,feu3
罳,罳,sz1
罽,罽,ji5
胠,胠,qy1
胗,胗,zhen1
腯,腯,teh8
舨,舨,baen3
茆,茆,mo3
苾,苾,pieh8
苴,苴,cha2
苴,苴,jy1
苴,苴,jia1
苴,苴,jin1
茌,茌,chr2
菅,菅,gaen1
菔,菔,foh8
菏,菏,hu2
菥,菥,xieh7
菘,菘,son1
葎,葎,lieh8
蓐,蓐,roh8
蓰,蓰,xi3
蕆,蒇,cin3
蕤,蕤,ruei2
蕁,荨,tun2
蕁,荨,qin2
藂,藂,con2
蛩,蛩,qion2
蝣,蝣,iu2
蝥,蝥,mo2
螗,螗,tan2
蟊,蟊,meu2
螽,螽,zhon1
衩,衩,cha5
袺,袺,jih7
裎,裎,chen2
裎,裎,chen3
褌,裈,kuen1
褳,裢,lin2
襁,襁,qian2
襝,裣,lin3
襝,裣,lin6
觚,觚,gv1
觭,觭,ji1
觳,觳,hoh8
觿,觿,xi1
訇,訇,hon1
訒,讱,ren6
詘,诎,qyeh7
詵,诜,shen1
諔,諔,choh7
諶,谌,chen2
谿,溪,qi1
賻,赙,fv6
贔,赑,pi6
趺,趺,fv1
跗,跗,fv1
跬,跬,kuei3
踣,踣,poh8
蹔,蹔,caen6
躓,踬,zhr5
輅,辂,lv6
輶,輶,iu2
迓,迓,nga6
邐,逦,li3
邘,邘,y2
邡,邡,fan2
郋,郋,xi2
鄹,鄹,zheu1
酢,酢,cv5
醅,醅,pei1
醑,醑,xy3
醮,醮,jio5
醭,醭,poh7
釕,钌,lio3
鈚,鈚,pi1
鈿,钿,tin2
鈿,钿,tin6
鈰,铈,shr6
鉺,铒,er3
鉺,铒,er6
鋈,鋈,oh7
錆,锖,qian1
錣,錣,zhuei5
鍆,钔,men2
錤,錤,ji1
鍤,锸,chaeh7
鎲,镋,tan3
鏑,镝,dieh7
鏇,旋,xiun6
鐨,镄,fei5
閫,阃,kuen3
闍,阇,dv1
闍,阇,sha2
閽,阍,huen1
闉,闉,ien1
阢,阢,veh8
阬,坑,ken1
隰,隰,qieh8
霪,霪,ien2
靉,叆,ngae5
靸,靸,saeh7
鞬,鞬,jin1
顢,颟,mun2
飧,飧,suen1
餼,饩,xi5
饉,馑,qien6
饈,馐,xiu1
饕,饕,to1
駑,驽,nv2
騄,騄,loh8
騅,骓,zhuei1
騸,骟,sin5
驁,骜,ngo6
驁,骜,ngo2
骰,骰,teu2
鬘,鬘,maen2
鯁,鲠,gen3
鯖,鲭,qien1
鯖,鲭,zhen1
鯷,鳀,ti2
鰥,鳏,guaen1
鰳,鳓,leh8
鴃,鴃,jiuh7
鵏,鵏,pv6
鶺,鹡,jieh7
鷖,鹥,i1
鷥,鸶,sz1
鷯,鹩,lio2
黼,黼,fv3
齔,龀,chen5
齕,龁,heh8
齪,龊,chuah7
亍,亍,choh7
亹,亹,vei3
亹,亹,men2
仂,仂,lieh8
仂,仂,leh8
倓,倓,taen2
儔,俦,cheu2
儱,儱,lon3
冇,冇,mo3
刲,刲,kuei1
劌,刿,guei5
劙,劙,li2
劭,劭,sho6
匏,匏,po2
匜,匜,i2
卮,卮,zhr1
卼,卼,veh8
吰,吰,hon2
呔,呔,tae5
唼,唼,shaeh7
唪,唪,fon3
喈,喈,gae1
嗍,嗍,shuah7
嗙,嗙,pan5
嗾,嗾,seu3
嚃,嚃,taeh7
圂,圂,huen6
圇,囵,len2
圌,圌,shuei2
圌,圌,shun2
圞,圞,lun2
坁,坁,zhr3
坼,坼,cheh7
垵,埯,un3
埕,埕,chen2
堍,堍,tv5
堽,堽,gan1
壈,壈,lun3
夬,夬,guae5
奰,奰,pi6
妘,妘,yen2
姁,姁,xy3
姮,姮,hen2
娀,娀,son1
娭,娭,xi1
婘,婘,qiun2
媟,媟,xih7
媼,媪,ngo3
嫗,妪,y5
嫫,嫫,mu2
嬔,嬔,fv5
嬔,嬔,faen5
嬙,嫱,qian2
孖,孖,zz1
宭,宭,qyen2
寤,寤,vv6
尥,尥,lio6
岈,岈,ha1
岈,岈,nga2
岣,岣,geu3
岢,岢,ku3
峇,峇,kuh7
峇,峇,ba1
崁,崁,kun5
崒,崒,qyeh8
崟,崟,ien2
嵲,嵲,nih8
嶍,嶍,qieh8
嶒,嶒,cen2
嶨,峃,hah8
嶴,岙,ngo5
巉,巉,chaen2
巘,巘,in3
巿,巿,feh7
帡,帡,pien2
幧,幧,qio1
幪,幪,mon2
庳,庳,bei1
廨,廨,gae5
弇,弇,in3
弮,弮,qiun1
弸,弸,pon2
彧,彧,ioh7
彳,彳,cheh7
徛,徛,qi6
徛,徛,ji5
忮,忮,zhr5
怫,怫,feh8
恓,恓,qi1
惝,惝,tan3
惝,惝,chan3
惛,惛,huen1
愐,愐,min3
愍,愍,mien3
愨,悫,kah7
慓,慓,pio5
慝,慝,teh7
憯,憯,cun3
懃,懃,qien2
戌,戌,xyeh7
扃,扃,jion1
扤,扤,veh8
抔,抔,peu2
捌,捌,baeh7
挩,挩,tuh7
挩,挩,shuei5
捩,捩,li6
捩,捩,lih8
掞,掞,sin5
揎,揎,xiun1
撝,撝,huei1
揠,揠,ngaeh7
揲,揲,tih8
揲,揲,sih8
揲,揲,ih8
搋,搋,chuae1
摋,摋,saeh7
擿,擿,tieh7
擿,擿,cheh8
敉,敉,mi3
斲,斲,zhuah7
旂,旗,qi2
旯,旯,lah8
昀,昀,yen2
昝,昝,zun3
晡,晡,bv1
晬,晬,zuei5
暍,暍,ih7
暍,暍,huh7
暐,暐,vei3
曈,曈,ton2
暾,暾,ten1
朘,朘,jiun1
朘,朘,zuei1
朳,朳,baeh7
枓,枓,deu3
枓,枓,zhv3
杪,杪,mio3
柒,柒,qieh7
柁,柁,tu6
枲,枲,xi3
栟,栟,ben1
栟,栟,bien1
栳,栳,lo3
栝,栝,guaeh7
桹,桹,lan2
棶,梾,lae2
椋,椋,lian2
椸,椸,i2
棰,棰,chuei2
槨,椁,guah7
槿,槿,jien3
樘,樘,chen1
樘,樘,tan2
櫫,橥,zhv1
欑,攒,cun2
欬,欬,kae5
欸,欸,ngae3
欿,欿,kun3
歈,歈,y2
殛,殛,jieh7
殠,殠,cheu5
毹,毹,shv1
氌,氇,lv3
氳,氲,yen1
氿,氿,guei3
氿,氿,jiu3
沬,沬,mei6
淏,淏,ho6
湣,愍,mien3
湲,湲,iun2
滈,滈,ho6
滈,滈,hah7
溠,溠,zha5
溷,溷,huen6
溳,涢,yen2
漊,溇,leu2
濆,濆,fen2
濆,濆,pen1
潿,涠,vei2
澹,澹,taen6
澹,澹,taen2
澶,澶,cin2
澨,澨,shr6
濔,沵,mi3
瀔,瀔,goh7
瀰,弥,mi2
灺,灺,qia6
炤,照,zho5
炟,炟,daeh7
焐,焐,vv5
焮,焮,xien5
熗,炝,qian5
熯,熯,hun5
燂,燂,tun2
燂,燂,qien2
爊,爊,ngo1
爝,爝,jiah7
爝,爝,qiah8
牮,牮,jin5
犨,犨,cheu1
犴,犴,un6
犴,犴,hun1
狁,狁,yen3
狖,狖,iu6
狾,狾,zhr5
狳,狳,y2
猊,猊,ni2
猰,猰,ngaeh7
猰,猰,qih7
猰,猰,gaeh7
猢,猢,hv2
猱,猱,no2
猺,猺,io2
獫,猃,xin3
獯,獯,xyen1
玥,玥,iuh8
玤,玤,pan6
珥,珥,er6
珥,珥,er3
琫,琫,bon3
瑁,瑁,mei6
瑁,瑁,mo6
琿,珲,huen2
琿,珲,huei1
瑊,瑊,zhen1
瑊,瑊,jin1
瑢,瑢,ion2
瑱,瑱,tin3
瑱,瑱,tin5
瑱,瑱,zhen5
瓔,璎,ien1
瓛,瓛,un2
瓴,瓴,lien2
甍,甍,mon2
疐,疐,zhr5
疔,疔,dien1
疥,疥,gae5
疳,疳,gun1
痎,痎,gae1
痿,痿,vei3
瘏,瘏,tv2
瘃,瘃,zhoh7
瘥,瘥,chae5
瘥,瘥,cu2
瘼,瘼,mah8
瘵,瘵,zhae5
瘲,瘲,zon5
癜,癜,din5
皕,皕,bieh7
皤,皤,pu2
盉,盉,hu2
眊,眊,mo6
眙,眙,i2
眙,眙,chr5
睆,睆,un3
睅,睅,hun6
睊,睊,jiun5
瞍,瞍,seu3
瞋,瞋,chen1
瞭,了,lio3
瞭,瞭,lio6
矱,矱,iah7
矼,矼,gan1
矼,矼,kan1
硨,砗,cha1
磽,硗,ko1
磲,磲,qy2
礅,礅,den1
礵,礵,shuan1
禋,禋,ien1
禤,禤,xiun1
禰,祢,mi2
禰,祢,ni3
禳,禳,ran2
穇,穇,shaen1
窊,窊,va1
窣,窣,sueh7
窬,窬,y2
笏,笏,hueh7
筅,筅,xin3
筮,筮,shr6
筥,筥,jy3
箠,棰,chuei2
箠,棰,zhuei1
篨,篨,chv2
篔,篔,yen2
簏,簏,loh8
簣,篑,kuei6
簠,簠,fv3
簹,筜,dan1
糝,糁,sun3
絁,絁,shr1
綈,绨,ti2
綆,绠,gen3
綯,绹,to2
緹,缇,ti2
緦,缌,sz1
縟,缛,roh8
縕,缊,yen1
縕,缊,yen5
縯,演,in3
縶,絷,zheh7
繰,缲,zo3
繯,缳,huaen6
纛,纛,to6
罅,罅,ha5
罍,罍,luei2
罡,罡,gan1
罛,罛,gv1
罹,罹,li2
罻,罻,vei5
罾,罾,zen1
羆,罴,bei1
翃,翃,hon2
翛,翛,xio1
翛,翛,shoh7
翥,翥,zhv5
耋,耋,tih8
耜,耜,cz6
聹,聍,nien2
肫,肫,zhuen1
肭,肭,naeh8
胍,胍,gua1
胴,胴,ton6
脢,脢,mei2
腩,腩,nun3
腡,脶,lu2
膙,膙,jian3
臢,臜,zaen1
臬,臬,nih8
舯,舯,zhon1
舳,舳,choh8
艎,艎,huan2
艟,艟,chon1
艫,舻,lv2
艮,艮,gen5
艽,艽,jio1
艽,艽,qiu2
芎,芎,qion1
芑,芑,qi3
芟,芟,shaen1
芰,芰,qi6
芾,芾,fei5
芾,芾,feh7
芨,芨,jieh7
芩,芩,qien2
茀,茀,feh7
苻,苻,fv2
苤,苤,pi3
莩,莩,fv1
菸,烟,in1
萸,萸,y2
萑,萑,hun2
菾,菾,tin2
葖,葖,teh8
葶,葶,tien2
蒎,蒎,pae5
蒟,蒟,jy3
蒯,蒯,kuae5
蔦,茑,nio3
蓛,蓛,cheh7
蕖,蕖,qy2
蕢,蒉,kuei6
薜,薜,boh7
薜,薜,pi6
薀,薀,yen5
薤,薤,hae6
薆,薆,ngae5
薁,薁,ioh7
薷,薷,rv2
藚,藚,soh8
藶,苈,lieh8
虓,虓,ho1
虺,虺,huei3
虺,虺,huei1
蚺,蚺,rin2
蛘,蛘,ian2
蛑,蛑,meu2
蜊,蜊,li2
蛸,蛸,xio1
蛸,蛸,sho1
蜩,蜩,tio2
蜞,蜞,ji1
蜾,蜾,gu3
蝂,蝂,baen3
螈,螈,iun2
螬,螬,co2
螵,螵,pio1
螮,螮,di5
蟯,蛲,ro2
蟢,蟢,xi3
蠃,蠃,lu2
蠃,蠃,lu3
蠆,虿,chae5
蠑,蝾,ion2
蠖,蠖,vah7
衄,衄,noh8
衎,衎,kun5
衿,衿,jien1
袢,袢,faen2
袢,袢,paen5
裒,裒,peu2
褟,褟,taeh7
襜,襜,cin1
襦,襦,rv2
襭,襭,xih8
襮,襮,boh7
襴,襕,laen2
襻,襻,paen5
覘,觇,cin1
覯,觏,geu5
觶,觯,zhr5
詖,诐,bi5
誄,诔,luei3
諏,诹,zeu1
諞,谝,pin2
諞,谝,pin6
謦,謦,qien3
謦,謦,qien5
譸,诪,zheu1
讙,讙,hun1
豝,豝,ba1
貐,貐,y3
貘,貘,moh8
貺,贶,kuan5
賨,賨,con2
賧,赕,taen5
賧,赕,daen3
贉,贉,tun6
赬,赪,chen1
跆,跆,tae2
跏,跏,ga1
踖,踖,jieh7
踖,踖,qiah7
踧,踧,zoh7
蹡,蹡,qian1
蹡,蹡,qian5
蹯,蹯,faen2
躂,跶,daeh7
躞,躞,xih7
軺,轺,io2
輬,辌,lian2
輳,辏,ceu5
轀,辒,ven1
邙,邙,man2
邗,邗,hun2
邾,邾,zhv1
郗,郗,chr1
鄗,鄗,ho6
鄗,鄗,ko1
鄶,郐,kuae5
酇,酇,zaen5
酡,酡,tu2
酤,酤,gv1
酤,酤,hv6
醁,醁,loh8
醐,醐,hv2
醍,醍,ti2
醍,醍,ti3
醰,醰,tun2
銛,铦,xin1
銛,铦,guaeh7
銛,铦,tin3
鋨,锇,ngu2
鋆,鋆,yen2
錟,锬,taen2
鋋,鋋,cin2
鎯,鎯,lan2
鍰,锾,huaen2
鍠,锽,huan2
鏨,錾,caen6
鏐,镠,leu2
鏷,镤,poh8
閌,闶,kan5
閼,阏,uh7
閼,阏,in1
闃,阒,qyeh7
闠,阓,huei6
阼,阼,cu6
陴,陴,pi2
隉,陧,nih8
隳,隳,huei1
隼,隼,xyen3
隼,隼,suen3
霢,霢,moh8
靆,叇,tae6
靿,靿,ngo5
鞡,鞡,la1
鞨,鞨,huh8
韆,千,qin1
頇,顸,hun1
頫,俯,fv3
顑,顑,kun3
顥,颢,ho6
顰,颦,pien2
颭,飐,zin3
飥,饦,tah7
餖,饾,teu6
餭,餭,huan2
餱,糇,heu2
餮,餮,tih7
饐,饐,i5
駰,骃,ien1
騂,骍,xien1
騧,騧,gua1
騭,骘,zheh7
驂,骖,cun1
髁,髁,ku1
髣,髣,fan3
髲,髲,pi6
髹,髹,xiu1
髽,髽,zhua1
鬁,疬,li6
鬌,鬌,du3
鬌,鬌,tu6
鬒,鬒,zhen3
鬟,鬟,huaen2
鮪,鲔,vei3
鮸,鮸,min3
鯢,鲵,ni2
鰈,鲽,tih8
鰒,鳆,foh8
鰤,鰤,shr1
鱟,鲎,heu6
鱠,鲙,kuae5
鴒,鸰,lien2
鵂,鸺,xiu1
鵃,鸼,zheu1
鵓,鹁,peh8
鶄,鶄,jien1
鶒,鶒,cheh7
鶘,鹕,hv2
鶗,鶗,ti2
鶼,鹣,jin1
鷁,鹢,ieh8
鶱,鶱,xin1
鷸,鹬,yeh8
鸂,鸂,qi1
鷿,鷿,pieh8
鸏,鹲,mon2
鸛,鹳,gun5
鸝,鹂,li2
麴,曲,qioh7
黧,黧,li2
黽,黾,mon3
黽,黾,mien3
鼉,鼍,tu2
鼢,鼢,fen2
齙,龅,po6
齬,龉,y3
揹,背,bei1
煠,煠,chaeh8
黴,霉,mi2
牸,牸,cz6
癡,痴,chr1
漦,漦,chr2
眵,眵,chr1
屄,屄,bi1
祕,秘,bi5
帔,帔,pi1
潽,潽,pv1
豧,豧,pv1
飫,饫,y5
划,划,hua2
划,划,va2
蛼,蛼,cha1
跩,跩,zhuae3
癬,癣,xiun3
凙,凙,tah8
絃,弦,xin2
症,症,zhen5
槲,槲,hoh8
囥,囥,kan5
水,水,xy3
化,化,hua5
高,高,go1
都,都,dv1
都,都,du1
自,自,cz6
二,二,er6
理,理,li3
起,起,qi3
小,小,xio3
長,长,chan2
長,长,zhan3
長,长,chan6
物,物,veh8
現,现,xin6
實,实,sheh8
加,加,jia1
加,加,ga1
量,量,lian2
量,量,lian6
兩,两,lian3
兩,两,laen3
體,体,ti3
機,机,ji1
還,还,huaen2
還,还,hae2
還,还,ha2
當,当,dan1
當,当,dan5
使,使,shr3
點,点,din3
從,从,con2
從,从,con1
從,从,con6
業,业,ih8
本,本,ben3
重,重,chon2
重,重,chon6
去,去,qy5
去,去,qi5
把,把,ba3
性,性,xien5
好,好,ho3
好,好,ho5
應,应,ien1
應,应,ien5
開,开,kae1
它,它,ta1
合,合,huh8
合,合,guh7
因,因,ien1
制,制,zhr5
由,由,iu2
其,其,qi2
其,其,ji1
其,其,qi6
些,些,xia1
些,些,su5
然,然,rin2
前,前,qin2
外,外,vae6
天,天,tin1
政,政,zhen5
四,四,sz5
日,日,rih8
那,那,na5
那,那,nu5
那,那,lu5
那,那,na1
社,社,sha6
社,社,shae6
義,义,i6
事,事,shr6
平,平,pien2
形,形,xien2
相,相,xian5
相,相,xian1
全,全,qiun2
裏,里,li3
間,间,gaen1
間,间,gaen5
間,间,jiaen1
間,间,jiaen5
樣,样,ian6
表,表,bio3
與,与,y3
與,与,y6
關,关,guaen1
各,各,gah7
新,新,xien1
線,线,xin5
內,内,nuei6
内,内,ny6
數,数,shv5
數,数,shv3
數,数,shuah7
數,数,coh7
正,正,zhen5
正,正,zhen1
心,心,xien1
反,反,faen3
反,反,faen5
你,你,nii3
明,明,mien2
明,明,men2
看,看,kun5
看,看,kun1
原,原,iun2
又,又,iu6
麼,么,mu1
利,利,li6
比,比,bi3
比,比,pi6
比,比,pi2
或,或,hoh8
但,但,taen6
質,质,zheh7
質,质,zhr5
氣,气,qi5
第,第,ti6
向,向,xian5
道,道,to6
命,命,mien6
此,此,cz3
沒,没,meh8
變,变,bin5
條,条,tio2
只,只,zheh7
隻,只,zheh7
痑,痑,taen1
澪,澪,lien2
攉,攉,huah7
搉,搉,kah7
憶,忆,ieh7
葯,药,iah7
奓,奓,zha1
丰,丰,fon1
斗,斗,deu3
笡,笡,qia1
洒,洒,xi3
洒,洒,xin3
洒,洒,cuei3
欛,把,ba5
笡,笡,qia5
釓,钆,kaeh8
鎿,镎,na2
鍩,锘,nah8
鑥,镥,lv3
錇,锫,pei2
鎇,镅,mei2
砹,砹,ngae6
鎄,锿,ngae1
鐿,镱,i5
鐦,锎,kae1
鋱,铽,teh7
鍀,锝,deh7
鉕,钷,pu3
鈈,钚,beh7
鈽,钸,bv5
鈥,钬,hu3
鎝,鎝,taeh7
鎝,鎝,daeh7
鍅,鍅,faeh7
銎,銎,qion1
黹,黹,zhr3
砥,砥,zhr3
睚,睚,ia2
剆,剆,lu3
埿,泥,ni2
嘉,嘉,jia1
噇,噇,chuan2
喠,喠,zhon3
到,到,do5
燭,烛,zhoh7
扽,扽,den5
蘻,蘻,ji5
偡,偡,chaen6
竳,竳,den1
攎,攎,lv2
佮,合,guh7
倈,俫,lae2
寳,宝,bo3
銚,铫,dio5
蟣,虮,ji3
浜,浜,ban1
昃,昃,zeh7
麽,么,meh8
笿,笿,lah8
搿,搿,guh7
漺,漺,shuan3
桶,桶,ton3
忺,忺,xin1
劗,劗,zaen1
舚,舚,tin5
搨,搨,taeh7
犟,犟,jian5
肏,肏,reh8
饊,饊,saen3
癔,癔,i5
犅,犅,gan1
鯶,鯶,huen6
齁,齁,heu1
衭,衭,fv1
涴,涴,u5
虼,虼,geh7
蟮,蟮,sin6
瘮,瘮,shen5
蘿,萝,lu2
齾,齾,ngaeh8
們,们,men2
辻,辻,sheh8
𨁽,𨁽,deh7
𨂝,𨂝,paen2
屑,屑,xih7
薛,薛,xih7
𠜱,𠜱,pi1
掗,挜,nga5
擓,㧟,kuae3
冚,冚,kun3
扚,扚,dieh7
𢪎,𢪎,xya1
㨔,㨔,haen3
齆,齆,on5
䁃,䁃,bio1
埲,埲,pon6
饡,饡,zaen5
㾭,㾭,jiu5
挭,挭,gen3
盝,盝,loh8
芃,芃,pon2
禚,禚,zhah7
弔,吊,dio5
趼,趼,jin3
𢴳,𢴳,tan1
遈,遈,sheh8
璧,璧,bieh7
凈,净,chen1
洽,洽,xiaeh8
秦,秦,qyen2
芹,芹,qyen2
嘶,嘶,xi1
刪,删,shuaen1
衲,衲,naeh8
㽹,㽹,faen5
洎,洎,ji5
於,于,y2
儘,尽,jien3
儘,尽,jyen3
沰,沰,dah7
蝦,虾,xia2
蝦,蛤,ha2
催,催,qy1
攪,搞,go3
戶,户,vv6
㪕,㪕,chah7
㪬,㪬,chuah8
髮,发,faeh7
騑,𬴂,fei1
闥,闼,taeh7
遄,遄,chun2
樽,樽,zuen1
㞎,㞎,ba3
㞞,𪨊,son2
𪣩,𪣩,ken5
𢜶,𢜶,so5
偽,伪,vei6
僞,伪,vei6
叄,叁,saen1
撦,扯,cha3
晉,晋,jyen5
杠,杠,gan5
爲,为,vei2
爲,为,vei6
牀,床,chuan2
痠,酸,sun1
盃,杯,bei1
綫,线,xin5
羣,群,qyen2
蔘,参,shen1
薑,姜,jian1
洩,泄,xih7
溼,湿,sheh7
齩,咬,ngo3
万,万,moh8
脣,唇,shuen2
臟,脏,can6
乓,乓,pan1
侷,局,qioh8
俬,私,sz1
備,备,pi6
傾,倾,qion1
具,具,jy5
匭,匦,guei3
吪,吪,ngu2
啓,启,qi3
妳,你,nii3
姆,姆,mu3
嫁,嫁,jia5
序,序,xy6
抹,抹,muh8
拄,拄,zhv3
曜,曜,io6
枇,枇,pieh7
枰,枰,pien2
棹,棹,cho6
欖,榄,laen3
殊,殊,shv2
母,母,meu3
祐,祐,iu6
笳,笳,ga1
筑,筑,zhoh7
篡,篡,chuaen5
粑,粑,ba1
糯,糯,nu6
糰,团,tun2
絻,絻,mun2
緯,纬,vei6
臥,卧,ngu6
舺,舺,haeh8
苜,苜,moh8
葳,葳,vei1
許,许,hae3
諮,咨,zz1
跤,跤,go1
逮,逮,tae6
酩,酩,mien3
釐,厘,li2
阪,阪,baen3
陞,陞,shen1
陬,陬,zeu1
霑,霑,zin1
驄,骢,con1
麩,麸,fv1
黐,黐,chr1
齣,出,chueh7
嗯,嗯,en0
杷,杷,pah7
𠮹,𠮹,cae2
㖠,㖠,nae6
㘃,㘃,ra3
呃,呃,eh7
呦,呦,iu1
嗱,嗱,na2
𠺝,𠺝,geh0
兒,儿,nii0
廁,厕,cz5
柏,柏,bah7
躴,躴,lan2
躿,躿,kan1
㫰,㫰,lan6
行,行,hen6
俗,俗,coh8
縛,缚,fah7
縛,缚,bah7
麪,面,min6
贗,赝,ngaen6
陌,陌,mah8
搝,搝,qiu3
㨮,㨮,deu1
洼,洼,va5
䞁,𬥺,in5
杏,杏,hen6
灒,𪷽,zaen5
𩑦,𬱕,veh7
糏,糏,xih7
糏,糏,xyeh7
糏,糏,xiuh7
屑,屑,xiuh7
殖,殖,sheh8
腐,腐,fv6
釜,釜,fv6
揢,揢,ka5
掿,掿,nah8
笫,笫,zz3
𤒘,𬊯,duh7
産,产,chaen3
敍,叙,qy6
駡,骂,ma6
礴,礴,pah8
噁,恶,ngah7
籒,籀,cheu6
瘙,瘙,so5
剽,剽,pio2
趑,趑,zz1
盱,盱,xy1
擧,举,jy3
豔,艳,in6
曑,参,shen1
渫,渫,xih7
岧,岧,tio2
嵖,嵖,cha2
櫞,橼,iun2
漶,漶,hun6
瀄,瀄,zheh7
瀠,潆,ien2
絪,𬘡,ien1
繨,𫄤,daeh7
茼,茼,ton2
菪,菪,tan6
葇,葇,reu2
蜒,蜒,in2
蝍,蝍,jieh7
蠨,蟏,xio1
跂,跂,qi2
頹,颓,tuei2
紕,纰,pi1
紕,纰,pi2
匃,匃,gei5
匄,匄,gei5
叒,叒,rah8
叕,叕,zhuh7
燚,燚,ih8
魈,魈,xio1
鬾,鬾,qi6
魍,魍,van3
㵘,㵘,mun6
沝,沝,zhuei3
龘,龘,taeh8
稂,稂,lan2
耄,耄,mo6
孓,孓,jiuh7
㙓,㙓,kuei2
靁,靁,luei2
瓞,瓞,tih8
魃,魃,paeh8
鑿,凿,zah7
庇,庇,pi5
胞,胞,po1
下,下,ha2
齉,齉,nan6
敌,敌,vaeh8
